Comuna;Dosis;N° de vacunados;Criterio_elegibilidad;Servicio
Alhué;1° dosis;36;Población General;Occidente
Alhué;Única;1256;Población General;Occidente
Buin;1° dosis;330;Población General;Sur
Buin;EPRO;4;Población General;Sur
Buin;Única;10525;Población General;Sur
Calera de Tango;1° dosis;44;Población General;Sur
Calera de Tango;EPRO;1;Población General;Sur
Calera de Tango;Única;3079;Población General;Sur
Cerrillos;1° dosis;288;Población General;Central
Cerrillos;EPRO;1;Población General;Central
Cerrillos;Única;7482;Población General;Central
Cerro Navia;1° dosis;511;Población General;Occidente
Cerro Navia;2° dosis;2;Población General;Occidente
Cerro Navia;EPRO;1;Población General;Occidente
Cerro Navia;Única;11224;Población General;Occidente
Colina;1° dosis;952;Población General;Norte
Colina;2° dosis;1;Población General;Norte
Colina;EPRO;2;Población General;Norte
Colina;Única;13117;Población General;Norte
Conchalí;1° dosis;262;Población General;Norte
Conchalí;Única;11349;Población General;Norte
Curacaví;1° dosis;104;Población General;Occidente
Curacaví;Única;2611;Población General;Occidente
El Bosque;1° dosis;914;Población General;Sur
El Bosque;EPRO;1;Población General;Sur
El Bosque;Única;24683;Población General;Sur
El Monte;1° dosis;65;Población General;Occidente
El Monte;EPRO;1;Población General;Occidente
El Monte;Única;2873;Población General;Occidente
Estación Central;1° dosis;630;Población General;Central
Estación Central;2° dosis;3;Población General;Central
Estación Central;EPRO;5;Población General;Central
Estación Central;Única;14377;Población General;Central
Huechuraba;1° dosis;993;Población General;Norte
Huechuraba;EPRO;2;Población General;Norte
Huechuraba;Única;15547;Población General;Norte
Independencia;1° dosis;290;Población General;Norte
Independencia;2° dosis;1;Población General;Norte
Independencia;EPRO;5;Población General;Norte
Independencia;Única;16500;Población General;Norte
Isla de Maipo;1° dosis;108;Población General;Occidente
Isla de Maipo;EPRO;4;Población General;Occidente
Isla de Maipo;Única;4716;Población General;Occidente
La Cisterna;1° dosis;254;Población General;Sur
La Cisterna;2° dosis;1;Población General;Sur
La Cisterna;Única;10332;Población General;Sur
La Florida;1° dosis;869;Población General;Suroriente
La Florida;2° dosis;1;Población General;Suroriente
La Florida;EPRO;4;Población General;Suroriente
La Florida;Única;34869;Población General;Suroriente
La Granja;1° dosis;787;Población General;Suroriente
La Granja;2° dosis;1;Población General;Suroriente
La Granja;EPRO;11;Población General;Suroriente
La Granja;Única;20867;Población General;Suroriente
La Pintana;1° dosis;390;Población General;Suroriente
La Pintana;EPRO;23;Población General;Suroriente
La Pintana;Única;12440;Población General;Suroriente
La Reina;1° dosis;297;Población General;Oriente
La Reina;EPRO;1;Población General;Oriente
La Reina;Única;12187;Población General;Oriente
Lampa;1° dosis;454;Población General;Norte
Lampa;2° dosis;3;Población General;Norte
Lampa;EPRO;1;Población General;Norte
Lampa;Única;7870;Población General;Norte
Las Condes;1° dosis;749;Población General;Oriente
Las Condes;EPRO;1;Población General;Oriente
Las Condes;Única;36183;Población General;Oriente
Lo Barnechea;1° dosis;566;Población General;Oriente
Lo Barnechea;EPRO;1;Población General;Oriente
Lo Barnechea;Única;10652;Población General;Oriente
Lo Espejo;1° dosis;174;Población General;Sur
Lo Espejo;2° dosis;1;Población General;Sur
Lo Espejo;Única;7661;Población General;Sur
Lo Prado;1° dosis;483;Población General;Occidente
Lo Prado;2° dosis;1;Población General;Occidente
Lo Prado;EPRO;3;Población General;Occidente
Lo Prado;Única;16019;Población General;Occidente
Macul;1° dosis;803;Población General;Oriente
Macul;2° dosis;2;Población General;Oriente
Macul;EPRO;10;Población General;Oriente
Macul;Única;13624;Población General;Oriente
Maipú;1° dosis;1008;Población General;Central
Maipú;2° dosis;2;Población General;Central
Maipú;EPRO;10;Población General;Central
Maipú;Única;46177;Población General;Central
María Pinto;1° dosis;39;Población General;Occidente
María Pinto;EPRO;1;Población General;Occidente
María Pinto;Única;2387;Población General;Occidente
Melipilla;1° dosis;599;Población General;Occidente
Melipilla;2° dosis;1;Población General;Occidente
Melipilla;EPRO;6;Población General;Occidente
Melipilla;Única;20324;Población General;Occidente
Padre Hurtado;1° dosis;154;Población General;Occidente
Padre Hurtado;Única;4446;Población General;Occidente
Paine;1° dosis;247;Población General;Sur
Paine;EPRO;3;Población General;Sur
Paine;Única;6657;Población General;Sur
Pedro Aguirre Cerda;1° dosis;382;Población General;Sur
Pedro Aguirre Cerda;2° dosis;2;Población General;Sur
Pedro Aguirre Cerda;Única;11661;Población General;Sur
Peñaflor;1° dosis;178;Población General;Occidente
Peñaflor;Única;7958;Población General;Occidente
Peñalolén;1° dosis;599;Población General;Oriente
Peñalolén;2° dosis;1;Población General;Oriente
Peñalolén;EPRO;9;Población General;Oriente
Peñalolén;Única;21713;Población General;Oriente
Pirque;1° dosis;31;Población General;Suroriente
Pirque;EPRO;2;Población General;Suroriente
Pirque;Única;2752;Población General;Suroriente
Providencia;1° dosis;320;Población General;Oriente
Providencia;2° dosis;1;Población General;Oriente
Providencia;EPRO;6;Población General;Oriente
Providencia;Única;25850;Población General;Oriente
Pudahuel;1° dosis;700;Población General;Occidente
Pudahuel;2° dosis;1;Población General;Occidente
Pudahuel;EPRO;6;Población General;Occidente
Pudahuel;Única;26323;Población General;Occidente
Puente Alto;1° dosis;1350;Población General;Suroriente
Puente Alto;2° dosis;3;Población General;Suroriente
Puente Alto;EPRO;8;Población General;Suroriente
Puente Alto;Única;47810;Población General;Suroriente
Quilicura;1° dosis;1092;Población General;Norte
Quilicura;2° dosis;1;Población General;Norte
Quilicura;EPRO;8;Población General;Norte
Quilicura;Única;21255;Población General;Norte
Quinta Normal;1° dosis;2320;Población General;Occidente
Quinta Normal;EPRO;5;Población General;Occidente
Quinta Normal;Única;19387;Población General;Occidente
Recoleta;1° dosis;588;Población General;Norte
Recoleta;Única;18287;Población General;Norte
Renca;1° dosis;325;Población General;Occidente
Renca;EPRO;1;Población General;Occidente
Renca;Única;10998;Población General;Occidente
San Bernardo;1° dosis;1004;Población General;Sur
San Bernardo;EPRO;3;Población General;Sur
San Bernardo;Única;23773;Población General;Sur
San Joaquín;1° dosis;481;Población General;Sur
San Joaquín;2° dosis;1;Población General;Sur
San Joaquín;EPRO;2;Población General;Sur
San Joaquín;Única;12159;Población General;Sur
San José de Maipo;1° dosis;69;Población General;Suroriente
San José de Maipo;Única;2292;Población General;Suroriente
San Miguel;1° dosis;384;Población General;Sur
San Miguel;2° dosis;1;Población General;Sur
San Miguel;EPRO;1;Población General;Sur
San Miguel;Única;18156;Población General;Sur
San Pedro;1° dosis;35;Población General;Occidente
San Pedro;Única;1654;Población General;Occidente
San Ramón;1° dosis;261;Población General;Suroriente
San Ramón;EPRO;2;Población General;Suroriente
San Ramón;Única;10667;Población General;Suroriente
Santiago;1° dosis;1106;Población General;Central
Santiago;2° dosis;2;Población General;Central
Santiago;EPRO;5;Población General;Central
Santiago;Única;37211;Población General;Central
Talagante;1° dosis;343;Población General;Occidente
Talagante;2° dosis;2;Población General;Occidente
Talagante;EPRO;1;Población General;Occidente
Talagante;Única;8018;Población General;Occidente
Tiltil;1° dosis;113;Población General;Norte
Tiltil;EPRO;1;Población General;Norte
Tiltil;Única;3221;Población General;Norte
Vitacura;1° dosis;515;Población General;Oriente
Vitacura;Única;13337;Población General;Oriente
Ñuñoa;1° dosis;445;Población General;Oriente
Ñuñoa;2° dosis;1;Población General;Oriente
Ñuñoa;EPRO;3;Población General;Oriente
Ñuñoa;Única;17034;Población General;Oriente
Alhué;Única;456;Personas mayores de 65 años y más;Occidente
Buin;EPRO;3;Personas mayores de 65 años y más;Sur
Buin;Única;3722;Personas mayores de 65 años y más;Sur
Calera de Tango;EPRO;1;Personas mayores de 65 años y más;Sur
Calera de Tango;Única;916;Personas mayores de 65 años y más;Sur
Cerrillos;Única;3388;Personas mayores de 65 años y más;Central
Cerro Navia;Única;4598;Personas mayores de 65 años y más;Occidente
Colina;EPRO;1;Personas mayores de 65 años y más;Norte
Colina;Única;3714;Personas mayores de 65 años y más;Norte
Conchalí;Única;6220;Personas mayores de 65 años y más;Norte
Curacaví;Única;1234;Personas mayores de 65 años y más;Occidente
El Bosque;Única;8450;Personas mayores de 65 años y más;Sur
El Monte;Única;991;Personas mayores de 65 años y más;Occidente
Estación Central;EPRO;3;Personas mayores de 65 años y más;Central
Estación Central;Única;5123;Personas mayores de 65 años y más;Central
Huechuraba;EPRO;1;Personas mayores de 65 años y más;Norte
Huechuraba;Única;4257;Personas mayores de 65 años y más;Norte
Independencia;EPRO;1;Personas mayores de 65 años y más;Norte
Independencia;Única;4576;Personas mayores de 65 años y más;Norte
Isla de Maipo;EPRO;2;Personas mayores de 65 años y más;Occidente
Isla de Maipo;Única;1801;Personas mayores de 65 años y más;Occidente
La Cisterna;Única;4867;Personas mayores de 65 años y más;Sur
La Florida;EPRO;3;Personas mayores de 65 años y más;Suroriente
La Florida;Única;17298;Personas mayores de 65 años y más;Suroriente
La Granja;EPRO;7;Personas mayores de 65 años y más;Suroriente
La Granja;Única;6483;Personas mayores de 65 años y más;Suroriente
La Pintana;Única;5203;Personas mayores de 65 años y más;Suroriente
La Reina;EPRO;1;Personas mayores de 65 años y más;Oriente
La Reina;Única;4676;Personas mayores de 65 años y más;Oriente
Lampa;Única;2442;Personas mayores de 65 años y más;Norte
Las Condes;EPRO;1;Personas mayores de 65 años y más;Oriente
Las Condes;Única;17121;Personas mayores de 65 años y más;Oriente
Lo Barnechea;Única;3610;Personas mayores de 65 años y más;Oriente
Lo Espejo;Única;3454;Personas mayores de 65 años y más;Sur
Lo Prado;EPRO;1;Personas mayores de 65 años y más;Occidente
Lo Prado;Única;7055;Personas mayores de 65 años y más;Occidente
Macul;EPRO;8;Personas mayores de 65 años y más;Oriente
Macul;Única;5561;Personas mayores de 65 años y más;Oriente
Maipú;EPRO;8;Personas mayores de 65 años y más;Central
Maipú;Única;21007;Personas mayores de 65 años y más;Central
María Pinto;Única;833;Personas mayores de 65 años y más;Occidente
Melipilla;EPRO;3;Personas mayores de 65 años y más;Occidente
Melipilla;Única;6152;Personas mayores de 65 años y más;Occidente
Padre Hurtado;Única;1910;Personas mayores de 65 años y más;Occidente
Paine;Única;2825;Personas mayores de 65 años y más;Sur
Pedro Aguirre Cerda;Única;5578;Personas mayores de 65 años y más;Sur
Peñaflor;Única;3602;Personas mayores de 65 años y más;Occidente
Peñalolén;EPRO;7;Personas mayores de 65 años y más;Oriente
Peñalolén;Única;9371;Personas mayores de 65 años y más;Oriente
Pirque;EPRO;1;Personas mayores de 65 años y más;Suroriente
Pirque;Única;1249;Personas mayores de 65 años y más;Suroriente
Providencia;EPRO;4;Personas mayores de 65 años y más;Oriente
Providencia;Única;7690;Personas mayores de 65 años y más;Oriente
Pudahuel;Única;9034;Personas mayores de 65 años y más;Occidente
Puente Alto;EPRO;4;Personas mayores de 65 años y más;Suroriente
Puente Alto;Única;17061;Personas mayores de 65 años y más;Suroriente
Quilicura;Única;5131;Personas mayores de 65 años y más;Norte
Quinta Normal;Única;4924;Personas mayores de 65 años y más;Occidente
Recoleta;Única;6601;Personas mayores de 65 años y más;Norte
Renca;EPRO;1;Personas mayores de 65 años y más;Occidente
Renca;Única;4488;Personas mayores de 65 años y más;Occidente
San Bernardo;Única;7466;Personas mayores de 65 años y más;Sur
San Joaquín;EPRO;2;Personas mayores de 65 años y más;Sur
San Joaquín;Única;4649;Personas mayores de 65 años y más;Sur
San José de Maipo;Única;834;Personas mayores de 65 años y más;Suroriente
San Miguel;Única;6140;Personas mayores de 65 años y más;Sur
San Pedro;Única;490;Personas mayores de 65 años y más;Occidente
San Ramón;EPRO;1;Personas mayores de 65 años y más;Suroriente
San Ramón;Única;3615;Personas mayores de 65 años y más;Suroriente
Santiago;EPRO;2;Personas mayores de 65 años y más;Central
Santiago;Única;12272;Personas mayores de 65 años y más;Central
Talagante;EPRO;1;Personas mayores de 65 años y más;Occidente
Talagante;Única;2664;Personas mayores de 65 años y más;Occidente
Tiltil;EPRO;1;Personas mayores de 65 años y más;Norte
Tiltil;Única;991;Personas mayores de 65 años y más;Norte
Vitacura;Única;5118;Personas mayores de 65 años y más;Oriente
Ñuñoa;EPRO;1;Personas mayores de 65 años y más;Oriente
Ñuñoa;Única;9453;Personas mayores de 65 años y más;Oriente
Alhué;1° dosis;36;Niños y niñas de 6 meses a 5 años de edad;Occidente
Alhué;Única;107;Niños y niñas de 6 meses a 5 años de edad;Occidente
Buin;1° dosis;318;Niños y niñas de 6 meses a 5 años de edad;Sur
Buin;Única;1089;Niños y niñas de 6 meses a 5 años de edad;Sur
Calera de Tango;1° dosis;43;Niños y niñas de 6 meses a 5 años de edad;Sur
Calera de Tango;Única;445;Niños y niñas de 6 meses a 5 años de edad;Sur
Cerrillos;1° dosis;244;Niños y niñas de 6 meses a 5 años de edad;Central
Cerrillos;Única;676;Niños y niñas de 6 meses a 5 años de edad;Central
Cerro Navia;1° dosis;408;Niños y niñas de 6 meses a 5 años de edad;Occidente
Cerro Navia;2° dosis;1;Niños y niñas de 6 meses a 5 años de edad;Occidente
Cerro Navia;Única;811;Niños y niñas de 6 meses a 5 años de edad;Occidente
Colina;1° dosis;914;Niños y niñas de 6 meses a 5 años de edad;Norte
Colina;2° dosis;1;Niños y niñas de 6 meses a 5 años de edad;Norte
Colina;Única;3352;Niños y niñas de 6 meses a 5 años de edad;Norte
Conchalí;1° dosis;251;Niños y niñas de 6 meses a 5 años de edad;Norte
Conchalí;Única;623;Niños y niñas de 6 meses a 5 años de edad;Norte
Curacaví;1° dosis;101;Niños y niñas de 6 meses a 5 años de edad;Occidente
Curacaví;Única;231;Niños y niñas de 6 meses a 5 años de edad;Occidente
El Bosque;1° dosis;560;Niños y niñas de 6 meses a 5 años de edad;Sur
El Bosque;Única;3306;Niños y niñas de 6 meses a 5 años de edad;Sur
El Monte;1° dosis;58;Niños y niñas de 6 meses a 5 años de edad;Occidente
El Monte;Única;161;Niños y niñas de 6 meses a 5 años de edad;Occidente
Estación Central;1° dosis;546;Niños y niñas de 6 meses a 5 años de edad;Central
Estación Central;2° dosis;3;Niños y niñas de 6 meses a 5 años de edad;Central
Estación Central;Única;1110;Niños y niñas de 6 meses a 5 años de edad;Central
Huechuraba;1° dosis;627;Niños y niñas de 6 meses a 5 años de edad;Norte
Huechuraba;Única;1902;Niños y niñas de 6 meses a 5 años de edad;Norte
Independencia;1° dosis;282;Niños y niñas de 6 meses a 5 años de edad;Norte
Independencia;2° dosis;1;Niños y niñas de 6 meses a 5 años de edad;Norte
Independencia;Única;796;Niños y niñas de 6 meses a 5 años de edad;Norte
Isla de Maipo;1° dosis;97;Niños y niñas de 6 meses a 5 años de edad;Occidente
Isla de Maipo;EPRO;1;Niños y niñas de 6 meses a 5 años de edad;Occidente
Isla de Maipo;Única;469;Niños y niñas de 6 meses a 5 años de edad;Occidente
La Cisterna;1° dosis;219;Niños y niñas de 6 meses a 5 años de edad;Sur
La Cisterna;2° dosis;1;Niños y niñas de 6 meses a 5 años de edad;Sur
La Cisterna;Única;714;Niños y niñas de 6 meses a 5 años de edad;Sur
La Florida;1° dosis;802;Niños y niñas de 6 meses a 5 años de edad;Suroriente
La Florida;2° dosis;1;Niños y niñas de 6 meses a 5 años de edad;Suroriente
La Florida;Única;2860;Niños y niñas de 6 meses a 5 años de edad;Suroriente
La Granja;1° dosis;616;Niños y niñas de 6 meses a 5 años de edad;Suroriente
La Granja;2° dosis;1;Niños y niñas de 6 meses a 5 años de edad;Suroriente
La Granja;Única;3337;Niños y niñas de 6 meses a 5 años de edad;Suroriente
La Pintana;1° dosis;340;Niños y niñas de 6 meses a 5 años de edad;Suroriente
La Pintana;EPRO;22;Niños y niñas de 6 meses a 5 años de edad;Suroriente
La Pintana;Única;1147;Niños y niñas de 6 meses a 5 años de edad;Suroriente
La Reina;1° dosis;257;Niños y niñas de 6 meses a 5 años de edad;Oriente
La Reina;Única;1210;Niños y niñas de 6 meses a 5 años de edad;Oriente
Lampa;1° dosis;432;Niños y niñas de 6 meses a 5 años de edad;Norte
Lampa;2° dosis;3;Niños y niñas de 6 meses a 5 años de edad;Norte
Lampa;Única;1256;Niños y niñas de 6 meses a 5 años de edad;Norte
Las Condes;1° dosis;694;Niños y niñas de 6 meses a 5 años de edad;Oriente
Las Condes;Única;2657;Niños y niñas de 6 meses a 5 años de edad;Oriente
Lo Barnechea;1° dosis;404;Niños y niñas de 6 meses a 5 años de edad;Oriente
Lo Barnechea;EPRO;1;Niños y niñas de 6 meses a 5 años de edad;Oriente
Lo Barnechea;Única;1607;Niños y niñas de 6 meses a 5 años de edad;Oriente
Lo Espejo;1° dosis;161;Niños y niñas de 6 meses a 5 años de edad;Sur
Lo Espejo;Única;670;Niños y niñas de 6 meses a 5 años de edad;Sur
Lo Prado;1° dosis;323;Niños y niñas de 6 meses a 5 años de edad;Occidente
Lo Prado;2° dosis;1;Niños y niñas de 6 meses a 5 años de edad;Occidente
Lo Prado;Única;1198;Niños y niñas de 6 meses a 5 años de edad;Occidente
Macul;1° dosis;443;Niños y niñas de 6 meses a 5 años de edad;Oriente
Macul;2° dosis;1;Niños y niñas de 6 meses a 5 años de edad;Oriente
Macul;EPRO;1;Niños y niñas de 6 meses a 5 años de edad;Oriente
Macul;Única;1247;Niños y niñas de 6 meses a 5 años de edad;Oriente
Maipú;1° dosis;929;Niños y niñas de 6 meses a 5 años de edad;Central
Maipú;2° dosis;1;Niños y niñas de 6 meses a 5 años de edad;Central
Maipú;EPRO;1;Niños y niñas de 6 meses a 5 años de edad;Central
Maipú;Única;3071;Niños y niñas de 6 meses a 5 años de edad;Central
María Pinto;1° dosis;39;Niños y niñas de 6 meses a 5 años de edad;Occidente
María Pinto;Única;231;Niños y niñas de 6 meses a 5 años de edad;Occidente
Melipilla;1° dosis;540;Niños y niñas de 6 meses a 5 años de edad;Occidente
Melipilla;2° dosis;1;Niños y niñas de 6 meses a 5 años de edad;Occidente
Melipilla;Única;2562;Niños y niñas de 6 meses a 5 años de edad;Occidente
Padre Hurtado;1° dosis;131;Niños y niñas de 6 meses a 5 años de edad;Occidente
Padre Hurtado;Única;367;Niños y niñas de 6 meses a 5 años de edad;Occidente
Paine;1° dosis;242;Niños y niñas de 6 meses a 5 años de edad;Sur
Paine;EPRO;2;Niños y niñas de 6 meses a 5 años de edad;Sur
Paine;Única;523;Niños y niñas de 6 meses a 5 años de edad;Sur
Pedro Aguirre Cerda;1° dosis;276;Niños y niñas de 6 meses a 5 años de edad;Sur
Pedro Aguirre Cerda;2° dosis;2;Niños y niñas de 6 meses a 5 años de edad;Sur
Pedro Aguirre Cerda;Única;924;Niños y niñas de 6 meses a 5 años de edad;Sur
Peñaflor;1° dosis;161;Niños y niñas de 6 meses a 5 años de edad;Occidente
Peñaflor;Única;398;Niños y niñas de 6 meses a 5 años de edad;Occidente
Peñalolén;1° dosis;490;Niños y niñas de 6 meses a 5 años de edad;Oriente
Peñalolén;Única;1472;Niños y niñas de 6 meses a 5 años de edad;Oriente
Pirque;1° dosis;31;Niños y niñas de 6 meses a 5 años de edad;Suroriente
Pirque;Única;130;Niños y niñas de 6 meses a 5 años de edad;Suroriente
Providencia;1° dosis;307;Niños y niñas de 6 meses a 5 años de edad;Oriente
Providencia;2° dosis;1;Niños y niñas de 6 meses a 5 años de edad;Oriente
Providencia;Única;1001;Niños y niñas de 6 meses a 5 años de edad;Oriente
Pudahuel;1° dosis;606;Niños y niñas de 6 meses a 5 años de edad;Occidente
Pudahuel;EPRO;1;Niños y niñas de 6 meses a 5 años de edad;Occidente
Pudahuel;Única;2267;Niños y niñas de 6 meses a 5 años de edad;Occidente
Puente Alto;1° dosis;1115;Niños y niñas de 6 meses a 5 años de edad;Suroriente
Puente Alto;2° dosis;3;Niños y niñas de 6 meses a 5 años de edad;Suroriente
Puente Alto;EPRO;2;Niños y niñas de 6 meses a 5 años de edad;Suroriente
Puente Alto;Única;5343;Niños y niñas de 6 meses a 5 años de edad;Suroriente
Quilicura;1° dosis;796;Niños y niñas de 6 meses a 5 años de edad;Norte
Quilicura;2° dosis;1;Niños y niñas de 6 meses a 5 años de edad;Norte
Quilicura;EPRO;1;Niños y niñas de 6 meses a 5 años de edad;Norte
Quilicura;Única;3383;Niños y niñas de 6 meses a 5 años de edad;Norte
Quinta Normal;1° dosis;975;Niños y niñas de 6 meses a 5 años de edad;Occidente
Quinta Normal;Única;2283;Niños y niñas de 6 meses a 5 años de edad;Occidente
Recoleta;1° dosis;491;Niños y niñas de 6 meses a 5 años de edad;Norte
Recoleta;Única;1671;Niños y niñas de 6 meses a 5 años de edad;Norte
Renca;1° dosis;284;Niños y niñas de 6 meses a 5 años de edad;Occidente
Renca;Única;889;Niños y niñas de 6 meses a 5 años de edad;Occidente
San Bernardo;1° dosis;670;Niños y niñas de 6 meses a 5 años de edad;Sur
San Bernardo;Única;2648;Niños y niñas de 6 meses a 5 años de edad;Sur
San Joaquín;1° dosis;357;Niños y niñas de 6 meses a 5 años de edad;Sur
San Joaquín;2° dosis;1;Niños y niñas de 6 meses a 5 años de edad;Sur
San Joaquín;Única;1392;Niños y niñas de 6 meses a 5 años de edad;Sur
San José de Maipo;1° dosis;44;Niños y niñas de 6 meses a 5 años de edad;Suroriente
San José de Maipo;Única;150;Niños y niñas de 6 meses a 5 años de edad;Suroriente
San Miguel;1° dosis;275;Niños y niñas de 6 meses a 5 años de edad;Sur
San Miguel;2° dosis;1;Niños y niñas de 6 meses a 5 años de edad;Sur
San Miguel;EPRO;1;Niños y niñas de 6 meses a 5 años de edad;Sur
San Miguel;Única;1161;Niños y niñas de 6 meses a 5 años de edad;Sur
San Pedro;1° dosis;35;Niños y niñas de 6 meses a 5 años de edad;Occidente
San Pedro;Única;55;Niños y niñas de 6 meses a 5 años de edad;Occidente
San Ramón;1° dosis;211;Niños y niñas de 6 meses a 5 años de edad;Suroriente
San Ramón;Única;995;Niños y niñas de 6 meses a 5 años de edad;Suroriente
Santiago;1° dosis;955;Niños y niñas de 6 meses a 5 años de edad;Central
Santiago;2° dosis;2;Niños y niñas de 6 meses a 5 años de edad;Central
Santiago;Única;2265;Niños y niñas de 6 meses a 5 años de edad;Central
Talagante;1° dosis;258;Niños y niñas de 6 meses a 5 años de edad;Occidente
Talagante;2° dosis;2;Niños y niñas de 6 meses a 5 años de edad;Occidente
Talagante;Única;653;Niños y niñas de 6 meses a 5 años de edad;Occidente
Tiltil;1° dosis;79;Niños y niñas de 6 meses a 5 años de edad;Norte
Tiltil;Única;323;Niños y niñas de 6 meses a 5 años de edad;Norte
Vitacura;1° dosis;293;Niños y niñas de 6 meses a 5 años de edad;Oriente
Vitacura;Única;1051;Niños y niñas de 6 meses a 5 años de edad;Oriente
Ñuñoa;1° dosis;431;Niños y niñas de 6 meses a 5 años de edad;Oriente
Ñuñoa;2° dosis;1;Niños y niñas de 6 meses a 5 años de edad;Oriente
Ñuñoa;Única;1190;Niños y niñas de 6 meses a 5 años de edad;Oriente
Alhué;Única;12;Estrategia Capullo;Occidente
Buin;Única;59;Estrategia Capullo;Sur
Calera de Tango;Única;1;Estrategia Capullo;Sur
Cerrillos;Única;3;Estrategia Capullo;Central
Cerro Navia;Única;27;Estrategia Capullo;Occidente
Colina;Única;4;Estrategia Capullo;Norte
Conchalí;Única;10;Estrategia Capullo;Norte
Curacaví;Única;9;Estrategia Capullo;Occidente
El Bosque;Única;46;Estrategia Capullo;Sur
El Monte;Única;1;Estrategia Capullo;Occidente
Estación Central;Única;9;Estrategia Capullo;Central
Huechuraba;Única;47;Estrategia Capullo;Norte
Independencia;Única;16;Estrategia Capullo;Norte
Isla de Maipo;Única;13;Estrategia Capullo;Occidente
La Cisterna;Única;43;Estrategia Capullo;Sur
La Florida;Única;24;Estrategia Capullo;Suroriente
La Granja;Única;4;Estrategia Capullo;Suroriente
La Pintana;Única;17;Estrategia Capullo;Suroriente
La Reina;Única;21;Estrategia Capullo;Oriente
Lampa;Única;9;Estrategia Capullo;Norte
Las Condes;Única;31;Estrategia Capullo;Oriente
Lo Barnechea;Única;11;Estrategia Capullo;Oriente
Lo Espejo;Única;9;Estrategia Capullo;Sur
Lo Prado;Única;1;Estrategia Capullo;Occidente
Macul;Única;8;Estrategia Capullo;Oriente
Maipú;Única;26;Estrategia Capullo;Central
Melipilla;Única;35;Estrategia Capullo;Occidente
Paine;Única;22;Estrategia Capullo;Sur
Pedro Aguirre Cerda;Única;22;Estrategia Capullo;Sur
Peñaflor;Única;14;Estrategia Capullo;Occidente
Peñalolén;Única;11;Estrategia Capullo;Oriente
Providencia;Única;19;Estrategia Capullo;Oriente
Pudahuel;Única;11;Estrategia Capullo;Occidente
Puente Alto;Única;31;Estrategia Capullo;Suroriente
Quilicura;Única;86;Estrategia Capullo;Norte
Quinta Normal;Única;3;Estrategia Capullo;Occidente
Recoleta;Única;29;Estrategia Capullo;Norte
Renca;Única;33;Estrategia Capullo;Occidente
San Bernardo;Única;32;Estrategia Capullo;Sur
San Joaquín;Única;24;Estrategia Capullo;Sur
San José de Maipo;Única;1;Estrategia Capullo;Suroriente
San Miguel;Única;17;Estrategia Capullo;Sur
San Ramón;Única;5;Estrategia Capullo;Suroriente
Santiago;Única;45;Estrategia Capullo;Central
Talagante;Única;1;Estrategia Capullo;Occidente
Tiltil;Única;31;Estrategia Capullo;Norte
Vitacura;Única;4;Estrategia Capullo;Oriente
Ñuñoa;Única;17;Estrategia Capullo;Oriente
Alhué;Única;479;Enfermos cronicos de 11 a 64 años de edad;Occidente
Buin;EPRO;1;Enfermos cronicos de 11 a 64 años de edad;Sur
Buin;Única;3090;Enfermos cronicos de 11 a 64 años de edad;Sur
Calera de Tango;Única;630;Enfermos cronicos de 11 a 64 años de edad;Sur
Cerrillos;Única;2181;Enfermos cronicos de 11 a 64 años de edad;Central
Cerro Navia;Única;3827;Enfermos cronicos de 11 a 64 años de edad;Occidente
Colina;EPRO;1;Enfermos cronicos de 11 a 64 años de edad;Norte
Colina;Única;2881;Enfermos cronicos de 11 a 64 años de edad;Norte
Conchalí;Única;3025;Enfermos cronicos de 11 a 64 años de edad;Norte
Curacaví;Única;718;Enfermos cronicos de 11 a 64 años de edad;Occidente
El Bosque;EPRO;1;Enfermos cronicos de 11 a 64 años de edad;Sur
El Bosque;Única;6348;Enfermos cronicos de 11 a 64 años de edad;Sur
El Monte;Única;669;Enfermos cronicos de 11 a 64 años de edad;Occidente
Estación Central;EPRO;2;Enfermos cronicos de 11 a 64 años de edad;Central
Estación Central;Única;3076;Enfermos cronicos de 11 a 64 años de edad;Central
Huechuraba;EPRO;1;Enfermos cronicos de 11 a 64 años de edad;Norte
Huechuraba;Única;5025;Enfermos cronicos de 11 a 64 años de edad;Norte
Independencia;EPRO;3;Enfermos cronicos de 11 a 64 años de edad;Norte
Independencia;Única;2253;Enfermos cronicos de 11 a 64 años de edad;Norte
Isla de Maipo;EPRO;1;Enfermos cronicos de 11 a 64 años de edad;Occidente
Isla de Maipo;Única;1344;Enfermos cronicos de 11 a 64 años de edad;Occidente
La Cisterna;Única;2777;Enfermos cronicos de 11 a 64 años de edad;Sur
La Florida;Única;6146;Enfermos cronicos de 11 a 64 años de edad;Suroriente
La Granja;EPRO;3;Enfermos cronicos de 11 a 64 años de edad;Suroriente
La Granja;Única;4408;Enfermos cronicos de 11 a 64 años de edad;Suroriente
La Pintana;Única;3380;Enfermos cronicos de 11 a 64 años de edad;Suroriente
La Reina;Única;1565;Enfermos cronicos de 11 a 64 años de edad;Oriente
Lampa;EPRO;1;Enfermos cronicos de 11 a 64 años de edad;Norte
Lampa;Única;2395;Enfermos cronicos de 11 a 64 años de edad;Norte
Las Condes;Única;3970;Enfermos cronicos de 11 a 64 años de edad;Oriente
Lo Barnechea;Única;1308;Enfermos cronicos de 11 a 64 años de edad;Oriente
Lo Espejo;Única;2160;Enfermos cronicos de 11 a 64 años de edad;Sur
Lo Prado;EPRO;1;Enfermos cronicos de 11 a 64 años de edad;Occidente
Lo Prado;Única;4477;Enfermos cronicos de 11 a 64 años de edad;Occidente
Macul;Única;2192;Enfermos cronicos de 11 a 64 años de edad;Oriente
Maipú;Única;13201;Enfermos cronicos de 11 a 64 años de edad;Central
María Pinto;EPRO;1;Enfermos cronicos de 11 a 64 años de edad;Occidente
María Pinto;Única;534;Enfermos cronicos de 11 a 64 años de edad;Occidente
Melipilla;EPRO;2;Enfermos cronicos de 11 a 64 años de edad;Occidente
Melipilla;Única;4324;Enfermos cronicos de 11 a 64 años de edad;Occidente
Padre Hurtado;Única;1422;Enfermos cronicos de 11 a 64 años de edad;Occidente
Paine;EPRO;1;Enfermos cronicos de 11 a 64 años de edad;Sur
Paine;Única;2406;Enfermos cronicos de 11 a 64 años de edad;Sur
Pedro Aguirre Cerda;Única;2849;Enfermos cronicos de 11 a 64 años de edad;Sur
Peñaflor;Única;2113;Enfermos cronicos de 11 a 64 años de edad;Occidente
Peñalolén;EPRO;2;Enfermos cronicos de 11 a 64 años de edad;Oriente
Peñalolén;Única;5504;Enfermos cronicos de 11 a 64 años de edad;Oriente
Pirque;Única;732;Enfermos cronicos de 11 a 64 años de edad;Suroriente
Providencia;Única;1986;Enfermos cronicos de 11 a 64 años de edad;Oriente
Pudahuel;EPRO;4;Enfermos cronicos de 11 a 64 años de edad;Occidente
Pudahuel;Única;9663;Enfermos cronicos de 11 a 64 años de edad;Occidente
Puente Alto;EPRO;2;Enfermos cronicos de 11 a 64 años de edad;Suroriente
Puente Alto;Única;12574;Enfermos cronicos de 11 a 64 años de edad;Suroriente
Quilicura;EPRO;1;Enfermos cronicos de 11 a 64 años de edad;Norte
Quilicura;Única;5397;Enfermos cronicos de 11 a 64 años de edad;Norte
Quinta Normal;Única;2923;Enfermos cronicos de 11 a 64 años de edad;Occidente
Recoleta;Única;4512;Enfermos cronicos de 11 a 64 años de edad;Norte
Renca;Única;3273;Enfermos cronicos de 11 a 64 años de edad;Occidente
San Bernardo;EPRO;1;Enfermos cronicos de 11 a 64 años de edad;Sur
San Bernardo;Única;5260;Enfermos cronicos de 11 a 64 años de edad;Sur
San Joaquín;Única;2667;Enfermos cronicos de 11 a 64 años de edad;Sur
San José de Maipo;Única;502;Enfermos cronicos de 11 a 64 años de edad;Suroriente
San Miguel;Única;3293;Enfermos cronicos de 11 a 64 años de edad;Sur
San Pedro;Única;314;Enfermos cronicos de 11 a 64 años de edad;Occidente
San Ramón;Única;2446;Enfermos cronicos de 11 a 64 años de edad;Suroriente
Santiago;EPRO;2;Enfermos cronicos de 11 a 64 años de edad;Central
Santiago;Única;7667;Enfermos cronicos de 11 a 64 años de edad;Central
Talagante;Única;2051;Enfermos cronicos de 11 a 64 años de edad;Occidente
Tiltil;Única;772;Enfermos cronicos de 11 a 64 años de edad;Norte
Vitacura;Única;783;Enfermos cronicos de 11 a 64 años de edad;Oriente
Ñuñoa;EPRO;1;Enfermos cronicos de 11 a 64 años de edad;Oriente
Ñuñoa;Única;3197;Enfermos cronicos de 11 a 64 años de edad;Oriente
Alhué;Única;53;Escolares de 1° a 5° año básico;Occidente
Buin;1° dosis;12;Escolares de 1° a 5° año básico;Sur
Buin;Única;537;Escolares de 1° a 5° año básico;Sur
Calera de Tango;1° dosis;1;Escolares de 1° a 5° año básico;Sur
Calera de Tango;Única;701;Escolares de 1° a 5° año básico;Sur
Cerrillos;1° dosis;44;Escolares de 1° a 5° año básico;Central
Cerrillos;Única;576;Escolares de 1° a 5° año básico;Central
Cerro Navia;1° dosis;103;Escolares de 1° a 5° año básico;Occidente
Cerro Navia;2° dosis;1;Escolares de 1° a 5° año básico;Occidente
Cerro Navia;Única;1128;Escolares de 1° a 5° año básico;Occidente
Colina;1° dosis;38;Escolares de 1° a 5° año básico;Norte
Colina;Única;684;Escolares de 1° a 5° año básico;Norte
Conchalí;1° dosis;11;Escolares de 1° a 5° año básico;Norte
Conchalí;Única;261;Escolares de 1° a 5° año básico;Norte
Curacaví;1° dosis;3;Escolares de 1° a 5° año básico;Occidente
Curacaví;Única;44;Escolares de 1° a 5° año básico;Occidente
El Bosque;1° dosis;354;Escolares de 1° a 5° año básico;Sur
El Bosque;Única;3613;Escolares de 1° a 5° año básico;Sur
El Monte;1° dosis;7;Escolares de 1° a 5° año básico;Occidente
El Monte;Única;82;Escolares de 1° a 5° año básico;Occidente
Estación Central;1° dosis;84;Escolares de 1° a 5° año básico;Central
Estación Central;Única;892;Escolares de 1° a 5° año básico;Central
Huechuraba;1° dosis;366;Escolares de 1° a 5° año básico;Norte
Huechuraba;Única;2332;Escolares de 1° a 5° año básico;Norte
Independencia;1° dosis;8;Escolares de 1° a 5° año básico;Norte
Independencia;Única;276;Escolares de 1° a 5° año básico;Norte
Isla de Maipo;1° dosis;11;Escolares de 1° a 5° año básico;Occidente
Isla de Maipo;Única;513;Escolares de 1° a 5° año básico;Occidente
La Cisterna;1° dosis;35;Escolares de 1° a 5° año básico;Sur
La Cisterna;Única;551;Escolares de 1° a 5° año básico;Sur
La Florida;1° dosis;67;Escolares de 1° a 5° año básico;Suroriente
La Florida;Única;1468;Escolares de 1° a 5° año básico;Suroriente
La Granja;1° dosis;171;Escolares de 1° a 5° año básico;Suroriente
La Granja;Única;4525;Escolares de 1° a 5° año básico;Suroriente
La Pintana;1° dosis;50;Escolares de 1° a 5° año básico;Suroriente
La Pintana;EPRO;1;Escolares de 1° a 5° año básico;Suroriente
La Pintana;Única;677;Escolares de 1° a 5° año básico;Suroriente
La Reina;1° dosis;40;Escolares de 1° a 5° año básico;Oriente
La Reina;Única;1322;Escolares de 1° a 5° año básico;Oriente
Lampa;1° dosis;21;Escolares de 1° a 5° año básico;Norte
Lampa;Única;643;Escolares de 1° a 5° año básico;Norte
Las Condes;1° dosis;55;Escolares de 1° a 5° año básico;Oriente
Las Condes;Única;1883;Escolares de 1° a 5° año básico;Oriente
Lo Barnechea;1° dosis;162;Escolares de 1° a 5° año básico;Oriente
Lo Barnechea;Única;1943;Escolares de 1° a 5° año básico;Oriente
Lo Espejo;1° dosis;13;Escolares de 1° a 5° año básico;Sur
Lo Espejo;2° dosis;1;Escolares de 1° a 5° año básico;Sur
Lo Espejo;Única;326;Escolares de 1° a 5° año básico;Sur
Lo Prado;1° dosis;160;Escolares de 1° a 5° año básico;Occidente
Lo Prado;EPRO;1;Escolares de 1° a 5° año básico;Occidente
Lo Prado;Única;2021;Escolares de 1° a 5° año básico;Occidente
Macul;1° dosis;360;Escolares de 1° a 5° año básico;Oriente
Macul;2° dosis;1;Escolares de 1° a 5° año básico;Oriente
Macul;EPRO;1;Escolares de 1° a 5° año básico;Oriente
Macul;Única;2462;Escolares de 1° a 5° año básico;Oriente
Maipú;1° dosis;79;Escolares de 1° a 5° año básico;Central
Maipú;2° dosis;1;Escolares de 1° a 5° año básico;Central
Maipú;EPRO;1;Escolares de 1° a 5° año básico;Central
Maipú;Única;3374;Escolares de 1° a 5° año básico;Central
María Pinto;Única;432;Escolares de 1° a 5° año básico;Occidente
Melipilla;1° dosis;59;Escolares de 1° a 5° año básico;Occidente
Melipilla;Única;2827;Escolares de 1° a 5° año básico;Occidente
Padre Hurtado;1° dosis;23;Escolares de 1° a 5° año básico;Occidente
Padre Hurtado;Única;330;Escolares de 1° a 5° año básico;Occidente
Paine;1° dosis;5;Escolares de 1° a 5° año básico;Sur
Paine;Única;134;Escolares de 1° a 5° año básico;Sur
Pedro Aguirre Cerda;1° dosis;106;Escolares de 1° a 5° año básico;Sur
Pedro Aguirre Cerda;Única;942;Escolares de 1° a 5° año básico;Sur
Peñaflor;1° dosis;17;Escolares de 1° a 5° año básico;Occidente
Peñaflor;Única;578;Escolares de 1° a 5° año básico;Occidente
Peñalolén;1° dosis;109;Escolares de 1° a 5° año básico;Oriente
Peñalolén;2° dosis;1;Escolares de 1° a 5° año básico;Oriente
Peñalolén;Única;1357;Escolares de 1° a 5° año básico;Oriente
Pirque;Única;95;Escolares de 1° a 5° año básico;Suroriente
Providencia;1° dosis;13;Escolares de 1° a 5° año básico;Oriente
Providencia;Única;898;Escolares de 1° a 5° año básico;Oriente
Pudahuel;1° dosis;94;Escolares de 1° a 5° año básico;Occidente
Pudahuel;2° dosis;1;Escolares de 1° a 5° año básico;Occidente
Pudahuel;Única;2452;Escolares de 1° a 5° año básico;Occidente
Puente Alto;1° dosis;235;Escolares de 1° a 5° año básico;Suroriente
Puente Alto;Única;4171;Escolares de 1° a 5° año básico;Suroriente
Quilicura;1° dosis;296;Escolares de 1° a 5° año básico;Norte
Quilicura;Única;4852;Escolares de 1° a 5° año básico;Norte
Quinta Normal;1° dosis;1345;Escolares de 1° a 5° año básico;Occidente
Quinta Normal;EPRO;3;Escolares de 1° a 5° año básico;Occidente
Quinta Normal;Única;5364;Escolares de 1° a 5° año básico;Occidente
Recoleta;1° dosis;97;Escolares de 1° a 5° año básico;Norte
Recoleta;Única;2028;Escolares de 1° a 5° año básico;Norte
Renca;1° dosis;41;Escolares de 1° a 5° año básico;Occidente
Renca;Única;489;Escolares de 1° a 5° año básico;Occidente
San Bernardo;1° dosis;334;Escolares de 1° a 5° año básico;Sur
San Bernardo;Única;2968;Escolares de 1° a 5° año básico;Sur
San Joaquín;1° dosis;124;Escolares de 1° a 5° año básico;Sur
San Joaquín;Única;1246;Escolares de 1° a 5° año básico;Sur
San José de Maipo;1° dosis;25;Escolares de 1° a 5° año básico;Suroriente
San José de Maipo;Única;240;Escolares de 1° a 5° año básico;Suroriente
San Miguel;1° dosis;109;Escolares de 1° a 5° año básico;Sur
San Miguel;Única;1475;Escolares de 1° a 5° año básico;Sur
San Pedro;Única;11;Escolares de 1° a 5° año básico;Occidente
San Ramón;1° dosis;50;Escolares de 1° a 5° año básico;Suroriente
San Ramón;Única;1324;Escolares de 1° a 5° año básico;Suroriente
Santiago;1° dosis;151;Escolares de 1° a 5° año básico;Central
Santiago;Única;1028;Escolares de 1° a 5° año básico;Central
Talagante;1° dosis;85;Escolares de 1° a 5° año básico;Occidente
Talagante;Única;1137;Escolares de 1° a 5° año básico;Occidente
Tiltil;1° dosis;34;Escolares de 1° a 5° año básico;Norte
Tiltil;Única;513;Escolares de 1° a 5° año básico;Norte
Vitacura;1° dosis;222;Escolares de 1° a 5° año básico;Oriente
Vitacura;Única;2415;Escolares de 1° a 5° año básico;Oriente
Ñuñoa;1° dosis;14;Escolares de 1° a 5° año básico;Oriente
Ñuñoa;Única;557;Escolares de 1° a 5° año básico;Oriente
Alhué;Única;18;Embarazadas;Occidente
Buin;Única;245;Embarazadas;Sur
Calera de Tango;Única;38;Embarazadas;Sur
Cerrillos;EPRO;1;Embarazadas;Central
Cerrillos;Única;168;Embarazadas;Central
Cerro Navia;Única;179;Embarazadas;Occidente
Colina;Única;345;Embarazadas;Norte
Conchalí;Única;217;Embarazadas;Norte
Curacaví;Única;36;Embarazadas;Occidente
El Bosque;Única;393;Embarazadas;Sur
El Monte;EPRO;1;Embarazadas;Occidente
El Monte;Única;49;Embarazadas;Occidente
Estación Central;Única;324;Embarazadas;Central
Huechuraba;Única;205;Embarazadas;Norte
Independencia;Única;282;Embarazadas;Norte
Isla de Maipo;Única;87;Embarazadas;Occidente
La Cisterna;Única;153;Embarazadas;Sur
La Florida;Única;492;Embarazadas;Suroriente
La Granja;Única;262;Embarazadas;Suroriente
La Pintana;Única;235;Embarazadas;Suroriente
La Reina;Única;108;Embarazadas;Oriente
Lampa;Única;240;Embarazadas;Norte
Las Condes;Única;475;Embarazadas;Oriente
Lo Barnechea;Única;178;Embarazadas;Oriente
Lo Espejo;Única;180;Embarazadas;Sur
Lo Prado;Única;227;Embarazadas;Occidente
Macul;Única;177;Embarazadas;Oriente
Maipú;Única;708;Embarazadas;Central
María Pinto;Única;27;Embarazadas;Occidente
Melipilla;Única;398;Embarazadas;Occidente
Padre Hurtado;Única;82;Embarazadas;Occidente
Paine;Única;156;Embarazadas;Sur
Pedro Aguirre Cerda;Única;171;Embarazadas;Sur
Peñaflor;Única;136;Embarazadas;Occidente
Peñalolén;Única;367;Embarazadas;Oriente
Pirque;Única;44;Embarazadas;Suroriente
Providencia;Única;191;Embarazadas;Oriente
Pudahuel;Única;528;Embarazadas;Occidente
Puente Alto;Única;704;Embarazadas;Suroriente
Quilicura;EPRO;1;Embarazadas;Norte
Quilicura;Única;530;Embarazadas;Norte
Quinta Normal;Única;156;Embarazadas;Occidente
Recoleta;Única;297;Embarazadas;Norte
Renca;Única;280;Embarazadas;Occidente
San Bernardo;Única;326;Embarazadas;Sur
San Joaquín;Única;138;Embarazadas;Sur
San José de Maipo;Única;13;Embarazadas;Suroriente
San Miguel;Única;258;Embarazadas;Sur
San Pedro;Única;23;Embarazadas;Occidente
San Ramón;EPRO;1;Embarazadas;Suroriente
San Ramón;Única;99;Embarazadas;Suroriente
Santiago;Única;755;Embarazadas;Central
Talagante;Única;111;Embarazadas;Occidente
Tiltil;Única;45;Embarazadas;Norte
Vitacura;Única;174;Embarazadas;Oriente
Ñuñoa;Única;294;Embarazadas;Oriente
Alhué;Única;25;Otras prioridades;Occidente
Buin;Única;359;Otras prioridades;Sur
Calera de Tango;Única;43;Otras prioridades;Sur
Cerrillos;Única;11;Otras prioridades;Central
Cerro Navia;Única;10;Otras prioridades;Occidente
Colina;Única;71;Otras prioridades;Norte
Conchalí;Única;41;Otras prioridades;Norte
Curacaví;Única;1;Otras prioridades;Occidente
El Bosque;Única;1;Otras prioridades;Sur
El Monte;Única;13;Otras prioridades;Occidente
Estación Central;Única;37;Otras prioridades;Central
Huechuraba;Única;205;Otras prioridades;Norte
Independencia;Única;20;Otras prioridades;Norte
Isla de Maipo;Única;19;Otras prioridades;Occidente
La Florida;Única;64;Otras prioridades;Suroriente
La Granja;Única;61;Otras prioridades;Suroriente
La Pintana;Única;54;Otras prioridades;Suroriente
La Reina;Única;154;Otras prioridades;Oriente
Lampa;1° dosis;1;Otras prioridades;Norte
Lampa;Única;33;Otras prioridades;Norte
Las Condes;Única;574;Otras prioridades;Oriente
Lo Barnechea;Única;25;Otras prioridades;Oriente
Lo Espejo;Única;163;Otras prioridades;Sur
Lo Prado;Única;14;Otras prioridades;Occidente
Macul;Única;82;Otras prioridades;Oriente
Maipú;Única;74;Otras prioridades;Central
María Pinto;Única;63;Otras prioridades;Occidente
Melipilla;Única;227;Otras prioridades;Occidente
Paine;Única;8;Otras prioridades;Sur
Pedro Aguirre Cerda;Única;66;Otras prioridades;Sur
Peñaflor;Única;41;Otras prioridades;Occidente
Peñalolén;Única;80;Otras prioridades;Oriente
Pirque;Única;1;Otras prioridades;Suroriente
Providencia;Única;144;Otras prioridades;Oriente
Pudahuel;Única;20;Otras prioridades;Occidente
Puente Alto;Única;314;Otras prioridades;Suroriente
Quilicura;Única;65;Otras prioridades;Norte
Quinta Normal;Única;6;Otras prioridades;Occidente
Recoleta;Única;38;Otras prioridades;Norte
Renca;Única;371;Otras prioridades;Occidente
San Bernardo;Única;234;Otras prioridades;Sur
San Joaquín;Única;950;Otras prioridades;Sur
San Miguel;Única;81;Otras prioridades;Sur
San Pedro;Única;2;Otras prioridades;Occidente
San Ramón;Única;170;Otras prioridades;Suroriente
Santiago;Única;585;Otras prioridades;Central
Talagante;Única;10;Otras prioridades;Occidente
Tiltil;Única;103;Otras prioridades;Norte
Vitacura;Única;32;Otras prioridades;Oriente
Ñuñoa;Única;20;Otras prioridades;Oriente
Alhué;Única;2;P. de salud: Privado;Occidente
Buin;Única;205;P. de salud: Privado;Sur
Calera de Tango;Única;18;P. de salud: Privado;Sur
Cerrillos;Única;65;P. de salud: Privado;Central
Cerro Navia;Única;34;P. de salud: Privado;Occidente
Colina;Única;372;P. de salud: Privado;Norte
Conchalí;Única;75;P. de salud: Privado;Norte
Curacaví;Única;33;P. de salud: Privado;Occidente
El Bosque;Única;145;P. de salud: Privado;Sur
El Monte;Única;6;P. de salud: Privado;Occidente
Estación Central;Única;3126;P. de salud: Privado;Central
Huechuraba;Única;110;P. de salud: Privado;Norte
Independencia;Única;3430;P. de salud: Privado;Norte
Isla de Maipo;Única;11;P. de salud: Privado;Occidente
La Cisterna;Única;266;P. de salud: Privado;Sur
La Florida;Única;2363;P. de salud: Privado;Suroriente
La Granja;Única;55;P. de salud: Privado;Suroriente
La Pintana;Única;134;P. de salud: Privado;Suroriente
La Reina;Única;325;P. de salud: Privado;Oriente
Lampa;Única;33;P. de salud: Privado;Norte
Las Condes;Única;7314;P. de salud: Privado;Oriente
Lo Barnechea;Única;1024;P. de salud: Privado;Oriente
Lo Espejo;Única;38;P. de salud: Privado;Sur
Lo Prado;Única;44;P. de salud: Privado;Occidente
Macul;Única;675;P. de salud: Privado;Oriente
Maipú;Única;587;P. de salud: Privado;Central
María Pinto;Única;6;P. de salud: Privado;Occidente
Melipilla;Única;525;P. de salud: Privado;Occidente
Padre Hurtado;Única;47;P. de salud: Privado;Occidente
Paine;Única;43;P. de salud: Privado;Sur
Pedro Aguirre Cerda;Única;76;P. de salud: Privado;Sur
Peñaflor;Única;19;P. de salud: Privado;Occidente
Peñalolén;Única;316;P. de salud: Privado;Oriente
Pirque;Única;14;P. de salud: Privado;Suroriente
Providencia;EPRO;1;P. de salud: Privado;Oriente
Providencia;Única;6892;P. de salud: Privado;Oriente
Pudahuel;Única;216;P. de salud: Privado;Occidente
Puente Alto;Única;763;P. de salud: Privado;Suroriente
Quilicura;Única;103;P. de salud: Privado;Norte
Quinta Normal;Única;37;P. de salud: Privado;Occidente
Recoleta;Única;1619;P. de salud: Privado;Norte
Renca;Única;53;P. de salud: Privado;Occidente
San Bernardo;EPRO;2;P. de salud: Privado;Sur
San Bernardo;Única;425;P. de salud: Privado;Sur
San Joaquín;Única;55;P. de salud: Privado;Sur
San José de Maipo;Única;33;P. de salud: Privado;Suroriente
San Miguel;Única;310;P. de salud: Privado;Sur
San Ramón;Única;30;P. de salud: Privado;Suroriente
Santiago;Única;4470;P. de salud: Privado;Central
Talagante;Única;71;P. de salud: Privado;Occidente
Tiltil;Única;19;P. de salud: Privado;Norte
Vitacura;Única;2978;P. de salud: Privado;Oriente
Ñuñoa;EPRO;1;P. de salud: Privado;Oriente
Ñuñoa;Única;1357;P. de salud: Privado;Oriente
Alhué;Única;90;P. de salud: Público;Occidente
Buin;Única;1018;P. de salud: Público;Sur
Calera de Tango;Única;145;P. de salud: Público;Sur
Cerrillos;Única;256;P. de salud: Público;Central
Cerro Navia;EPRO;1;P. de salud: Público;Occidente
Cerro Navia;Única;466;P. de salud: Público;Occidente
Colina;Única;660;P. de salud: Público;Norte
Conchalí;Única;767;P. de salud: Público;Norte
Curacaví;Única;208;P. de salud: Público;Occidente
El Bosque;Única;1399;P. de salud: Público;Sur
El Monte;Única;211;P. de salud: Público;Occidente
Estación Central;Única;419;P. de salud: Público;Central
Huechuraba;Única;639;P. de salud: Público;Norte
Independencia;EPRO;1;P. de salud: Público;Norte
Independencia;Única;4786;P. de salud: Público;Norte
Isla de Maipo;Única;270;P. de salud: Público;Occidente
La Cisterna;Única;471;P. de salud: Público;Sur
La Florida;Única;3595;P. de salud: Público;Suroriente
La Granja;EPRO;1;P. de salud: Público;Suroriente
La Granja;Única;651;P. de salud: Público;Suroriente
La Pintana;Única;643;P. de salud: Público;Suroriente
La Reina;Única;2374;P. de salud: Público;Oriente
Lampa;Única;470;P. de salud: Público;Norte
Las Condes;Única;1715;P. de salud: Público;Oriente
Lo Barnechea;Única;308;P. de salud: Público;Oriente
Lo Espejo;Única;568;P. de salud: Público;Sur
Lo Prado;Única;639;P. de salud: Público;Occidente
Macul;Única;608;P. de salud: Público;Oriente
Maipú;Única;3445;P. de salud: Público;Central
María Pinto;Única;95;P. de salud: Público;Occidente
Melipilla;Única;1565;P. de salud: Público;Occidente
Padre Hurtado;Única;198;P. de salud: Público;Occidente
Paine;Única;408;P. de salud: Público;Sur
Pedro Aguirre Cerda;Única;693;P. de salud: Público;Sur
Peñaflor;Única;820;P. de salud: Público;Occidente
Peñalolén;Única;2823;P. de salud: Público;Oriente
Pirque;Única;290;P. de salud: Público;Suroriente
Providencia;EPRO;1;P. de salud: Público;Oriente
Providencia;Única;6752;P. de salud: Público;Oriente
Pudahuel;Única;1318;P. de salud: Público;Occidente
Puente Alto;Única;5531;P. de salud: Público;Suroriente
Quilicura;Única;832;P. de salud: Público;Norte
Quinta Normal;Única;2624;P. de salud: Público;Occidente
Recoleta;Única;1071;P. de salud: Público;Norte
Renca;Única;838;P. de salud: Público;Occidente
San Bernardo;Única;3132;P. de salud: Público;Sur
San Joaquín;Única;528;P. de salud: Público;Sur
San José de Maipo;Única;462;P. de salud: Público;Suroriente
San Miguel;Única;4995;P. de salud: Público;Sur
San Pedro;Única;102;P. de salud: Público;Occidente
San Ramón;Única;1705;P. de salud: Público;Suroriente
Santiago;EPRO;1;P. de salud: Público;Central
Santiago;Única;7727;P. de salud: Público;Central
Talagante;Única;897;P. de salud: Público;Occidente
Tiltil;Única;222;P. de salud: Público;Norte
Vitacura;Única;277;P. de salud: Público;Oriente
Ñuñoa;Única;763;P. de salud: Público;Oriente
Alhué;Única;1;Trabajadores de avícolas y de criaderos de cerdo;Occidente
Buin;Única;28;Trabajadores de avícolas y de criaderos de cerdo;Sur
Calera de Tango;Única;7;Trabajadores de avícolas y de criaderos de cerdo;Sur
Cerro Navia;Única;1;Trabajadores de avícolas y de criaderos de cerdo;Occidente
Colina;Única;140;Trabajadores de avícolas y de criaderos de cerdo;Norte
Curacaví;Única;53;Trabajadores de avícolas y de criaderos de cerdo;Occidente
El Bosque;Única;4;Trabajadores de avícolas y de criaderos de cerdo;Sur
El Monte;Única;654;Trabajadores de avícolas y de criaderos de cerdo;Occidente
Estación Central;Única;1;Trabajadores de avícolas y de criaderos de cerdo;Central
Huechuraba;Única;30;Trabajadores de avícolas y de criaderos de cerdo;Norte
Independencia;Única;2;Trabajadores de avícolas y de criaderos de cerdo;Norte
Isla de Maipo;Única;85;Trabajadores de avícolas y de criaderos de cerdo;Occidente
La Cisterna;Única;341;Trabajadores de avícolas y de criaderos de cerdo;Sur
La Florida;Única;4;Trabajadores de avícolas y de criaderos de cerdo;Suroriente
La Granja;Única;4;Trabajadores de avícolas y de criaderos de cerdo;Suroriente
La Pintana;Única;600;Trabajadores de avícolas y de criaderos de cerdo;Suroriente
La Reina;Única;2;Trabajadores de avícolas y de criaderos de cerdo;Oriente
Lampa;Única;38;Trabajadores de avícolas y de criaderos de cerdo;Norte
Las Condes;Única;8;Trabajadores de avícolas y de criaderos de cerdo;Oriente
Lo Barnechea;Única;8;Trabajadores de avícolas y de criaderos de cerdo;Oriente
Lo Espejo;Única;3;Trabajadores de avícolas y de criaderos de cerdo;Sur
Lo Prado;Única;2;Trabajadores de avícolas y de criaderos de cerdo;Occidente
Macul;Única;1;Trabajadores de avícolas y de criaderos de cerdo;Oriente
Maipú;Única;10;Trabajadores de avícolas y de criaderos de cerdo;Central
María Pinto;Única;56;Trabajadores de avícolas y de criaderos de cerdo;Occidente
Melipilla;Única;780;Trabajadores de avícolas y de criaderos de cerdo;Occidente
Paine;Única;25;Trabajadores de avícolas y de criaderos de cerdo;Sur
Pedro Aguirre Cerda;Única;3;Trabajadores de avícolas y de criaderos de cerdo;Sur
Peñaflor;Única;124;Trabajadores de avícolas y de criaderos de cerdo;Occidente
Peñalolén;Única;2;Trabajadores de avícolas y de criaderos de cerdo;Oriente
Pirque;EPRO;1;Trabajadores de avícolas y de criaderos de cerdo;Suroriente
Pirque;Única;156;Trabajadores de avícolas y de criaderos de cerdo;Suroriente
Providencia;Única;22;Trabajadores de avícolas y de criaderos de cerdo;Oriente
Pudahuel;Única;203;Trabajadores de avícolas y de criaderos de cerdo;Occidente
Puente Alto;Única;12;Trabajadores de avícolas y de criaderos de cerdo;Suroriente
Quilicura;Única;3;Trabajadores de avícolas y de criaderos de cerdo;Norte
Quinta Normal;Única;3;Trabajadores de avícolas y de criaderos de cerdo;Occidente
Recoleta;Única;6;Trabajadores de avícolas y de criaderos de cerdo;Norte
Renca;Única;2;Trabajadores de avícolas y de criaderos de cerdo;Occidente
San Bernardo;Única;474;Trabajadores de avícolas y de criaderos de cerdo;Sur
San Pedro;Única;637;Trabajadores de avícolas y de criaderos de cerdo;Occidente
San Ramón;Única;1;Trabajadores de avícolas y de criaderos de cerdo;Suroriente
Santiago;Única;38;Trabajadores de avícolas y de criaderos de cerdo;Central
Talagante;Única;112;Trabajadores de avícolas y de criaderos de cerdo;Occidente
Tiltil;Única;2;Trabajadores de avícolas y de criaderos de cerdo;Norte
Vitacura;Única;3;Trabajadores de avícolas y de criaderos de cerdo;Oriente
Ñuñoa;Única;2;Trabajadores de avícolas y de criaderos de cerdo;Oriente
Alhué;Única;13;Trabajadores de la educación  preescolar y escolar hasta 5° año básico;Occidente
Buin;Única;173;Trabajadores de la educación  preescolar y escolar hasta 5° año básico;Sur
Calera de Tango;Única;135;Trabajadores de la educación  preescolar y escolar hasta 5° año básico;Sur
Cerrillos;Única;158;Trabajadores de la educación  preescolar y escolar hasta 5° año básico;Central
Cerro Navia;Única;143;Trabajadores de la educación  preescolar y escolar hasta 5° año básico;Occidente
Colina;Única;894;Trabajadores de la educación  preescolar y escolar hasta 5° año básico;Norte
Conchalí;Única;110;Trabajadores de la educación  preescolar y escolar hasta 5° año básico;Norte
Curacaví;Única;44;Trabajadores de la educación  preescolar y escolar hasta 5° año básico;Occidente
El Bosque;Única;978;Trabajadores de la educación  preescolar y escolar hasta 5° año básico;Sur
El Monte;Única;36;Trabajadores de la educación  preescolar y escolar hasta 5° año básico;Occidente
Estación Central;Única;260;Trabajadores de la educación  preescolar y escolar hasta 5° año básico;Central
Huechuraba;Única;795;Trabajadores de la educación  preescolar y escolar hasta 5° año básico;Norte
Independencia;Única;63;Trabajadores de la educación  preescolar y escolar hasta 5° año básico;Norte
Isla de Maipo;Única;104;Trabajadores de la educación  preescolar y escolar hasta 5° año básico;Occidente
La Cisterna;Única;149;Trabajadores de la educación  preescolar y escolar hasta 5° año básico;Sur
La Florida;EPRO;1;Trabajadores de la educación  preescolar y escolar hasta 5° año básico;Suroriente
La Florida;Única;555;Trabajadores de la educación  preescolar y escolar hasta 5° año básico;Suroriente
La Granja;Única;1077;Trabajadores de la educación  preescolar y escolar hasta 5° año básico;Suroriente
La Pintana;Única;350;Trabajadores de la educación  preescolar y escolar hasta 5° año básico;Suroriente
La Reina;Única;430;Trabajadores de la educación  preescolar y escolar hasta 5° año básico;Oriente
Lampa;Única;311;Trabajadores de la educación  preescolar y escolar hasta 5° año básico;Norte
Las Condes;Única;435;Trabajadores de la educación  preescolar y escolar hasta 5° año básico;Oriente
Lo Barnechea;Única;630;Trabajadores de la educación  preescolar y escolar hasta 5° año básico;Oriente
Lo Espejo;Única;90;Trabajadores de la educación  preescolar y escolar hasta 5° año básico;Sur
Lo Prado;Única;341;Trabajadores de la educación  preescolar y escolar hasta 5° año básico;Occidente
Macul;Única;611;Trabajadores de la educación  preescolar y escolar hasta 5° año básico;Oriente
Maipú;Única;674;Trabajadores de la educación  preescolar y escolar hasta 5° año básico;Central
María Pinto;Única;110;Trabajadores de la educación  preescolar y escolar hasta 5° año básico;Occidente
Melipilla;EPRO;1;Trabajadores de la educación  preescolar y escolar hasta 5° año básico;Occidente
Melipilla;Única;929;Trabajadores de la educación  preescolar y escolar hasta 5° año básico;Occidente
Padre Hurtado;Única;90;Trabajadores de la educación  preescolar y escolar hasta 5° año básico;Occidente
Paine;Única;107;Trabajadores de la educación  preescolar y escolar hasta 5° año básico;Sur
Pedro Aguirre Cerda;Única;337;Trabajadores de la educación  preescolar y escolar hasta 5° año básico;Sur
Peñaflor;Única;113;Trabajadores de la educación  preescolar y escolar hasta 5° año básico;Occidente
Peñalolén;Única;410;Trabajadores de la educación  preescolar y escolar hasta 5° año básico;Oriente
Pirque;Única;41;Trabajadores de la educación  preescolar y escolar hasta 5° año básico;Suroriente
Providencia;Única;255;Trabajadores de la educación  preescolar y escolar hasta 5° año básico;Oriente
Pudahuel;EPRO;1;Trabajadores de la educación  preescolar y escolar hasta 5° año básico;Occidente
Pudahuel;Única;611;Trabajadores de la educación  preescolar y escolar hasta 5° año básico;Occidente
Puente Alto;Única;1306;Trabajadores de la educación  preescolar y escolar hasta 5° año básico;Suroriente
Quilicura;EPRO;5;Trabajadores de la educación  preescolar y escolar hasta 5° año básico;Norte
Quilicura;Única;873;Trabajadores de la educación  preescolar y escolar hasta 5° año básico;Norte
Quinta Normal;EPRO;2;Trabajadores de la educación  preescolar y escolar hasta 5° año básico;Occidente
Quinta Normal;Única;1064;Trabajadores de la educación  preescolar y escolar hasta 5° año básico;Occidente
Recoleta;Única;415;Trabajadores de la educación  preescolar y escolar hasta 5° año básico;Norte
Renca;Única;282;Trabajadores de la educación  preescolar y escolar hasta 5° año básico;Occidente
San Bernardo;Única;808;Trabajadores de la educación  preescolar y escolar hasta 5° año básico;Sur
San Joaquín;Única;510;Trabajadores de la educación  preescolar y escolar hasta 5° año básico;Sur
San José de Maipo;Única;57;Trabajadores de la educación  preescolar y escolar hasta 5° año básico;Suroriente
San Miguel;Única;426;Trabajadores de la educación  preescolar y escolar hasta 5° año básico;Sur
San Pedro;Única;20;Trabajadores de la educación  preescolar y escolar hasta 5° año básico;Occidente
San Ramón;Única;277;Trabajadores de la educación  preescolar y escolar hasta 5° año básico;Suroriente
Santiago;Única;359;Trabajadores de la educación  preescolar y escolar hasta 5° año básico;Central
Talagante;Única;311;Trabajadores de la educación  preescolar y escolar hasta 5° año básico;Occidente
Tiltil;Única;200;Trabajadores de la educación  preescolar y escolar hasta 5° año básico;Norte
Vitacura;Única;502;Trabajadores de la educación  preescolar y escolar hasta 5° año básico;Oriente
Ñuñoa;Única;184;Trabajadores de la educación  preescolar y escolar hasta 5° año básico;Oriente
