Comuna;Criterio_elegibilidad;N° de vacunados;N° de vacunados_fil;Población objetivo;Avance vacunación;Servicio;fecha_actualizacion
Alhué;Población General;1564;15;4315;36.2;Occidente;17-04-2023
Buin;Población General;15602;155;49777;31.3;Sur;17-04-2023
Calera de Tango;Población General;4074;40;11769;34.6;Sur;17-04-2023
Cerrillos;Población General;11050;110;37700;29.3;Central;17-04-2023
Cerro Navia;Población General;16156;161;70538;22.9;Occidente;17-04-2023
Colina;Población General;18056;180;69061;26.1;Norte;17-04-2023
Conchalí;Población General;17166;171;55099;31.1;Norte;17-04-2023
Curacaví;Población General;3523;35;15550;22.6;Occidente;17-04-2023
El Bosque;Población General;32424;324;81250;39.9;Sur;17-04-2023
El Monte;Población General;3718;37;18218;20.4;Occidente;17-04-2023
Estación Central;Población General;21481;214;82377;26.1;Central;17-04-2023
Huechuraba;Población General;21624;216;49277;43.9;Norte;17-04-2023
Independencia;Población General;19656;196;59663;32.9;Norte;17-04-2023
Isla de Maipo;Población General;6146;61;18269;33.6;Occidente;17-04-2023
La Cisterna;Población General;14540;145;57432;25.3;Sur;17-04-2023
La Florida;Población General;45433;454;155838;29.1;Suroriente;17-04-2023
La Granja;Población General;24821;248;50245;49.4;Suroriente;17-04-2023
La Pintana;Población General;18353;183;70278;26.1;Suroriente;17-04-2023
La Reina;Población General;16926;169;43344;39.0;Oriente;17-04-2023
Lampa;Población General;11372;113;49096;23.2;Norte;17-04-2023
Las Condes;Población General;44969;449;132797;33.8;Oriente;17-04-2023
Lo Barnechea;Población General;15692;156;43225;36.3;Oriente;17-04-2023
Lo Espejo;Población General;10773;107;43769;24.6;Sur;17-04-2023
Lo Prado;Población General;21381;213;50571;42.3;Occidente;17-04-2023
Macul;Población General;18964;189;54434;34.8;Oriente;17-04-2023
Maipú;Población General;60811;607;219646;27.7;Central;17-04-2023
María Pinto;Población General;3133;31;6216;50.4;Occidente;17-04-2023
Melipilla;Población General;27492;274;62962;43.7;Occidente;17-04-2023
Padre Hurtado;Población General;6841;68;30508;22.4;Occidente;17-04-2023
Paine;Población General;9736;97;42004;23.2;Sur;17-04-2023
Pedro Aguirre Cerda;Población General;16201;161;44083;36.7;Sur;17-04-2023
Peñaflor;Población General;10355;103;38091;27.2;Occidente;17-04-2023
Peñalolén;Población General;31102;310;104742;29.7;Oriente;17-04-2023
Pirque;Población General;3790;37;12409;30.5;Suroriente;17-04-2023
Providencia;Población General;35142;351;78861;44.5;Oriente;17-04-2023
Pudahuel;Población General;35562;355;123971;28.7;Occidente;17-04-2023
Puente Alto;Población General;66495;664;226516;29.3;Suroriente;17-04-2023
Quilicura;Población General;28391;283;86938;32.7;Norte;17-04-2023
Quinta Normal;Población General;25415;254;57011;44.6;Occidente;17-04-2023
Recoleta;Población General;24270;242;79389;30.6;Norte;17-04-2023
Renca;Población General;16186;161;73834;21.9;Occidente;17-04-2023
San Bernardo;Población General;33541;335;142627;23.5;Sur;17-04-2023
San Joaquín;Población General;15657;156;48041;32.6;Sur;17-04-2023
San José de Maipo;Población General;2837;28;8534;33.2;Suroriente;17-04-2023
San Miguel;Población General;23251;232;65140;35.7;Sur;17-04-2023
San Pedro;Población General;2166;21;7026;30.8;Occidente;17-04-2023
San Ramón;Población General;14289;142;44042;32.4;Suroriente;17-04-2023
Santiago;Población General;50956;509;173883;29.3;Central;17-04-2023
Talagante;Población General;10155;101;35942;28.2;Occidente;17-04-2023
Tiltil;Población General;3955;39;9742;40.6;Norte;17-04-2023
Vitacura;Población General;19675;196;44616;44.1;Oriente;17-04-2023
Ñuñoa;Población General;22329;223;117184;19.0;Oriente;17-04-2023
Alhué;Personas mayores de 65 años y más;533;5;1029;51.8;Occidente;17-04-2023
Buin;Personas mayores de 65 años y más;4629;46;11563;40.0;Sur;17-04-2023
Calera de Tango;Personas mayores de 65 años y más;1168;11;3243;36.0;Sur;17-04-2023
Cerrillos;Personas mayores de 65 años y más;4206;42;11529;36.5;Central;17-04-2023
Cerro Navia;Personas mayores de 65 años y más;5848;58;19912;29.4;Occidente;17-04-2023
Colina;Personas mayores de 65 años y más;4597;45;13175;34.9;Norte;17-04-2023
Conchalí;Personas mayores de 65 años y más;7532;75;21451;35.1;Norte;17-04-2023
Curacaví;Personas mayores de 65 años y más;1523;15;5138;29.6;Occidente;17-04-2023
El Bosque;Personas mayores de 65 años y más;10039;100;23840;42.1;Sur;17-04-2023
El Monte;Personas mayores de 65 años y más;1314;13;4880;26.9;Occidente;17-04-2023
Estación Central;Personas mayores de 65 años y más;6207;62;28595;21.7;Central;17-04-2023
Huechuraba;Personas mayores de 65 años y más;5142;51;12637;40.7;Norte;17-04-2023
Independencia;Personas mayores de 65 años y más;5491;54;18517;29.6;Norte;17-04-2023
Isla de Maipo;Personas mayores de 65 años y más;2171;21;4884;44.4;Occidente;17-04-2023
La Cisterna;Personas mayores de 65 años y más;6045;60;16370;36.9;Sur;17-04-2023
La Florida;Personas mayores de 65 años y más;21639;216;59239;36.5;Suroriente;17-04-2023
La Granja;Personas mayores de 65 años y más;7901;78;16446;48.0;Suroriente;17-04-2023
La Pintana;Personas mayores de 65 años y más;6610;66;20063;32.9;Suroriente;17-04-2023
La Reina;Personas mayores de 65 años y más;5938;59;16530;35.9;Oriente;17-04-2023
Lampa;Personas mayores de 65 años y más;2997;29;9259;32.4;Norte;17-04-2023
Las Condes;Personas mayores de 65 años y más;20971;209;59480;35.3;Oriente;17-04-2023
Lo Barnechea;Personas mayores de 65 años y más;4565;45;11500;39.7;Oriente;17-04-2023
Lo Espejo;Personas mayores de 65 años y más;4432;44;13671;32.4;Sur;17-04-2023
Lo Prado;Personas mayores de 65 años y más;8494;84;17051;49.8;Occidente;17-04-2023
Macul;Personas mayores de 65 años y más;7034;70;22587;31.1;Oriente;17-04-2023
Maipú;Personas mayores de 65 años y más;26085;260;63302;41.2;Central;17-04-2023
María Pinto;Personas mayores de 65 años y más;1013;10;2033;49.8;Occidente;17-04-2023
Melipilla;Personas mayores de 65 años y más;7525;75;19249;39.1;Occidente;17-04-2023
Padre Hurtado;Personas mayores de 65 años y más;2489;24;8104;30.7;Occidente;17-04-2023
Paine;Personas mayores de 65 años y más;3512;35;9651;36.4;Sur;17-04-2023
Pedro Aguirre Cerda;Personas mayores de 65 años y más;6810;68;16959;40.2;Sur;17-04-2023
Peñaflor;Personas mayores de 65 años y más;4469;44;11995;37.3;Occidente;17-04-2023
Peñalolén;Personas mayores de 65 años y más;11649;116;31965;36.4;Oriente;17-04-2023
Pirque;Personas mayores de 65 años y más;1513;15;3764;40.2;Suroriente;17-04-2023
Providencia;Personas mayores de 65 años y más;9694;96;27465;35.3;Oriente;17-04-2023
Pudahuel;Personas mayores de 65 años y más;10948;109;25470;43.0;Occidente;17-04-2023
Puente Alto;Personas mayores de 65 años y más;21664;216;58764;36.9;Suroriente;17-04-2023
Quilicura;Personas mayores de 65 años y más;6419;64;17126;37.5;Norte;17-04-2023
Quinta Normal;Personas mayores de 65 años y más;6117;61;20596;29.7;Occidente;17-04-2023
Recoleta;Personas mayores de 65 años y más;8107;81;27948;29.0;Norte;17-04-2023
Renca;Personas mayores de 65 años y más;5859;58;18781;31.2;Occidente;17-04-2023
San Bernardo;Personas mayores de 65 años y más;9795;97;34582;28.3;Sur;17-04-2023
San Joaquín;Personas mayores de 65 años y más;5781;57;17309;33.4;Sur;17-04-2023
San José de Maipo;Personas mayores de 65 años y más;1000;10;2645;37.8;Suroriente;17-04-2023
San Miguel;Personas mayores de 65 años y más;7569;75;20082;37.7;Sur;17-04-2023
San Pedro;Personas mayores de 65 años y más;674;6;1962;34.4;Occidente;17-04-2023
San Ramón;Personas mayores de 65 años y más;4525;45;14027;32.2;Suroriente;17-04-2023
Santiago;Personas mayores de 65 años y más;15399;153;46393;33.2;Central;17-04-2023
Talagante;Personas mayores de 65 años y más;3306;33;9336;35.4;Occidente;17-04-2023
Tiltil;Personas mayores de 65 años y más;1149;11;2648;43.4;Norte;17-04-2023
Vitacura;Personas mayores de 65 años y más;6509;65;19228;33.8;Oriente;17-04-2023
Ñuñoa;Personas mayores de 65 años y más;12437;124;41918;29.7;Oriente;17-04-2023
Alhué;Niños y niñas de 6 meses a 5 años de edad;169;1;545;30.5;Occidente;17-04-2023
Buin;Niños y niñas de 6 meses a 5 años de edad;2317;23;9008;25.6;Sur;17-04-2023
Calera de Tango;Niños y niñas de 6 meses a 5 años de edad;686;6;2007;34.2;Sur;17-04-2023
Cerrillos;Niños y niñas de 6 meses a 5 años de edad;1543;15;6323;24.3;Central;17-04-2023
Cerro Navia;Niños y niñas de 6 meses a 5 años de edad;1814;18;9498;19.0;Occidente;17-04-2023
Colina;Niños y niñas de 6 meses a 5 años de edad;5146;51;18432;27.9;Norte;17-04-2023
Conchalí;Niños y niñas de 6 meses a 5 años de edad;1783;17;8799;20.2;Norte;17-04-2023
Curacaví;Niños y niñas de 6 meses a 5 años de edad;544;5;2693;20.2;Occidente;17-04-2023
El Bosque;Niños y niñas de 6 meses a 5 años de edad;5187;51;11587;44.7;Sur;17-04-2023
El Monte;Niños y niñas de 6 meses a 5 años de edad;283;2;3365;8.3;Occidente;17-04-2023
Estación Central;Niños y niñas de 6 meses a 5 años de edad;3390;33;13311;25.4;Central;17-04-2023
Huechuraba;Niños y niñas de 6 meses a 5 años de edad;3391;33;9101;37.2;Norte;17-04-2023
Independencia;Niños y niñas de 6 meses a 5 años de edad;1838;18;9773;18.8;Norte;17-04-2023
Isla de Maipo;Niños y niñas de 6 meses a 5 años de edad;679;6;3138;21.6;Occidente;17-04-2023
La Cisterna;Niños y niñas de 6 meses a 5 años de edad;1258;12;6145;20.2;Sur;17-04-2023
La Florida;Niños y niñas de 6 meses a 5 años de edad;5448;54;25045;21.7;Suroriente;17-04-2023
La Granja;Niños y niñas de 6 meses a 5 años de edad;4270;42;8026;53.2;Suroriente;17-04-2023
La Pintana;Niños y niñas de 6 meses a 5 años de edad;2785;27;15233;18.1;Suroriente;17-04-2023
La Reina;Niños y niñas de 6 meses a 5 años de edad;2442;24;5786;42.2;Oriente;17-04-2023
Lampa;Niños y niñas de 6 meses a 5 años de edad;2356;23;13038;18.0;Norte;17-04-2023
Las Condes;Niños y niñas de 6 meses a 5 años de edad;4476;44;18660;23.9;Oriente;17-04-2023
Lo Barnechea;Niños y niñas de 6 meses a 5 años de edad;3421;34;9484;36.0;Oriente;17-04-2023
Lo Espejo;Niños y niñas de 6 meses a 5 años de edad;1259;12;6918;18.2;Sur;17-04-2023
Lo Prado;Niños y niñas de 6 meses a 5 años de edad;2131;21;6274;33.9;Occidente;17-04-2023
Macul;Niños y niñas de 6 meses a 5 años de edad;2508;25;7965;31.5;Oriente;17-04-2023
Maipú;Niños y niñas de 6 meses a 5 años de edad;5502;54;37526;14.6;Central;17-04-2023
María Pinto;Niños y niñas de 6 meses a 5 años de edad;415;4;1074;38.5;Occidente;17-04-2023
Melipilla;Niños y niñas de 6 meses a 5 años de edad;4260;42;10543;40.4;Occidente;17-04-2023
Padre Hurtado;Niños y niñas de 6 meses a 5 años de edad;843;8;6428;13.1;Occidente;17-04-2023
Paine;Niños y niñas de 6 meses a 5 años de edad;1350;13;6370;21.1;Sur;17-04-2023
Pedro Aguirre Cerda;Niños y niñas de 6 meses a 5 años de edad;2113;21;6459;32.7;Sur;17-04-2023
Peñaflor;Niños y niñas de 6 meses a 5 años de edad;715;7;7887;9.1;Occidente;17-04-2023
Peñalolén;Niños y niñas de 6 meses a 5 años de edad;3581;35;17931;19.9;Oriente;17-04-2023
Pirque;Niños y niñas de 6 meses a 5 años de edad;396;3;2316;17.1;Suroriente;17-04-2023
Providencia;Niños y niñas de 6 meses a 5 años de edad;4067;40;8315;48.8;Oriente;17-04-2023
Pudahuel;Niños y niñas de 6 meses a 5 años de edad;4090;40;18904;21.6;Occidente;17-04-2023
Puente Alto;Niños y niñas de 6 meses a 5 años de edad;9606;95;49003;19.6;Suroriente;17-04-2023
Quilicura;Niños y niñas de 6 meses a 5 años de edad;5218;52;20204;25.8;Norte;17-04-2023
Quinta Normal;Niños y niñas de 6 meses a 5 años de edad;3920;39;8536;45.9;Occidente;17-04-2023
Recoleta;Niños y niñas de 6 meses a 5 años de edad;3208;32;12275;26.1;Norte;17-04-2023
Renca;Niños y niñas de 6 meses a 5 años de edad;2099;20;12275;17.1;Occidente;17-04-2023
San Bernardo;Niños y niñas de 6 meses a 5 años de edad;4635;46;26806;17.3;Sur;17-04-2023
San Joaquín;Niños y niñas de 6 meses a 5 años de edad;2287;22;6167;37.0;Sur;17-04-2023
San José de Maipo;Niños y niñas de 6 meses a 5 años de edad;239;2;1257;18.9;Suroriente;17-04-2023
San Miguel;Niños y niñas de 6 meses a 5 años de edad;1957;19;8809;22.2;Sur;17-04-2023
San Pedro;Niños y niñas de 6 meses a 5 años de edad;131;1;904;14.5;Occidente;17-04-2023
San Ramón;Niños y niñas de 6 meses a 5 años de edad;1621;16;5561;29.1;Suroriente;17-04-2023
Santiago;Niños y niñas de 6 meses a 5 años de edad;5060;50;26174;19.3;Central;17-04-2023
Talagante;Niños y niñas de 6 meses a 5 años de edad;1229;12;6323;19.4;Occidente;17-04-2023
Tiltil;Niños y niñas de 6 meses a 5 años de edad;503;5;1647;30.4;Norte;17-04-2023
Vitacura;Niños y niñas de 6 meses a 5 años de edad;3631;36;6172;58.7;Oriente;17-04-2023
Ñuñoa;Niños y niñas de 6 meses a 5 años de edad;1626;16;14808;11.0;Oriente;17-04-2023
Alhué;Estrategia Capullo;12;;29;41.4;Occidente;17-04-2023
Buin;Estrategia Capullo;65;;359;18.1;Sur;17-04-2023
Calera de Tango;Estrategia Capullo;1;;64;1.6;Sur;17-04-2023
Cerrillos;Estrategia Capullo;7;;185;3.8;Central;17-04-2023
Cerro Navia;Estrategia Capullo;35;;351;10.0;Occidente;17-04-2023
Colina;Estrategia Capullo;5;;522;1.0;Norte;17-04-2023
Conchalí;Estrategia Capullo;13;;282;4.6;Norte;17-04-2023
Curacaví;Estrategia Capullo;16;;88;18.2;Occidente;17-04-2023
El Bosque;Estrategia Capullo;62;;359;17.3;Sur;17-04-2023
El Monte;Estrategia Capullo;1;;100;1.0;Occidente;17-04-2023
Estación Central;Estrategia Capullo;15;;545;2.8;Central;17-04-2023
Huechuraba;Estrategia Capullo;58;;224;25.9;Norte;17-04-2023
Independencia;Estrategia Capullo;24;;348;6.9;Norte;17-04-2023
Isla de Maipo;Estrategia Capullo;13;;90;14.4;Occidente;17-04-2023
La Cisterna;Estrategia Capullo;59;;235;25.1;Sur;17-04-2023
La Florida;Estrategia Capullo;27;;828;3.3;Suroriente;17-04-2023
La Granja;Estrategia Capullo;5;;251;2.0;Suroriente;17-04-2023
La Pintana;Estrategia Capullo;20;;478;4.2;Suroriente;17-04-2023
La Reina;Estrategia Capullo;47;;157;29.9;Oriente;17-04-2023
Lampa;Estrategia Capullo;9;;450;2.0;Norte;17-04-2023
Las Condes;Estrategia Capullo;40;;736;5.4;Oriente;17-04-2023
Lo Barnechea;Estrategia Capullo;19;;272;7.0;Oriente;17-04-2023
Lo Espejo;Estrategia Capullo;12;;231;5.2;Sur;17-04-2023
Lo Prado;Estrategia Capullo;2;;192;1.0;Occidente;17-04-2023
Macul;Estrategia Capullo;14;;275;5.1;Oriente;17-04-2023
Maipú;Estrategia Capullo;41;;1020;4.0;Central;17-04-2023
María Pinto;Estrategia Capullo;1;;43;2.3;Occidente;17-04-2023
Melipilla;Estrategia Capullo;53;;409;13.0;Occidente;17-04-2023
Paine;Estrategia Capullo;24;;205;11.7;Sur;17-04-2023
Pedro Aguirre Cerda;Estrategia Capullo;24;;216;11.1;Sur;17-04-2023
Peñaflor;Estrategia Capullo;18;;218;8.3;Occidente;17-04-2023
Peñalolén;Estrategia Capullo;11;;484;2.3;Oriente;17-04-2023
Providencia;Estrategia Capullo;23;;362;6.4;Oriente;17-04-2023
Pudahuel;Estrategia Capullo;16;;507;3.2;Occidente;17-04-2023
Puente Alto;Estrategia Capullo;41;;1266;3.2;Suroriente;17-04-2023
Quilicura;Estrategia Capullo;103;1;534;19.3;Norte;17-04-2023
Quinta Normal;Estrategia Capullo;5;;331;1.5;Occidente;17-04-2023
Recoleta;Estrategia Capullo;33;;400;8.2;Norte;17-04-2023
Renca;Estrategia Capullo;48;;380;12.6;Occidente;17-04-2023
San Bernardo;Estrategia Capullo;45;;811;5.5;Sur;17-04-2023
San Joaquín;Estrategia Capullo;30;;205;14.6;Sur;17-04-2023
San José de Maipo;Estrategia Capullo;1;;38;2.6;Suroriente;17-04-2023
San Miguel;Estrategia Capullo;28;;428;6.5;Sur;17-04-2023
San Ramón;Estrategia Capullo;5;;193;2.6;Suroriente;17-04-2023
Santiago;Estrategia Capullo;63;;1090;5.8;Central;17-04-2023
Talagante;Estrategia Capullo;5;;191;2.6;Occidente;17-04-2023
Tiltil;Estrategia Capullo;35;;63;55.6;Norte;17-04-2023
Vitacura;Estrategia Capullo;7;;320;2.2;Oriente;17-04-2023
Ñuñoa;Estrategia Capullo;28;;564;5.0;Oriente;17-04-2023
Alhué;Enfermos cronicos de 11 a 64 años de edad;605;6;1635;37.0;Occidente;17-04-2023
Buin;Enfermos cronicos de 11 a 64 años de edad;3809;38;14848;25.6;Sur;17-04-2023
Calera de Tango;Enfermos cronicos de 11 a 64 años de edad;845;8;2868;29.5;Sur;17-04-2023
Cerrillos;Enfermos cronicos de 11 a 64 años de edad;2717;27;10866;25.0;Central;17-04-2023
Cerro Navia;Enfermos cronicos de 11 a 64 años de edad;5061;50;25624;19.8;Occidente;17-04-2023
Colina;Enfermos cronicos de 11 a 64 años de edad;3722;37;9728;38.3;Norte;17-04-2023
Conchalí;Enfermos cronicos de 11 a 64 años de edad;3849;38;11359;33.9;Norte;17-04-2023
Curacaví;Enfermos cronicos de 11 a 64 años de edad;905;9;3190;28.3;Occidente;17-04-2023
El Bosque;Enfermos cronicos de 11 a 64 años de edad;7864;78;23609;33.3;Sur;17-04-2023
El Monte;Enfermos cronicos de 11 a 64 años de edad;930;9;3913;23.8;Occidente;17-04-2023
Estación Central;Enfermos cronicos de 11 a 64 años de edad;3814;38;14144;27.0;Central;17-04-2023
Huechuraba;Enfermos cronicos de 11 a 64 años de edad;5982;59;13130;45.6;Norte;17-04-2023
Independencia;Enfermos cronicos de 11 a 64 años de edad;2844;28;7570;37.5;Norte;17-04-2023
Isla de Maipo;Enfermos cronicos de 11 a 64 años de edad;1606;16;4333;37.0;Occidente;17-04-2023
La Cisterna;Enfermos cronicos de 11 a 64 años de edad;4322;43;21423;20.2;Sur;17-04-2023
La Florida;Enfermos cronicos de 11 a 64 años de edad;7983;79;26334;30.3;Suroriente;17-04-2023
La Granja;Enfermos cronicos de 11 a 64 años de edad;5385;53;12293;43.8;Suroriente;17-04-2023
La Pintana;Enfermos cronicos de 11 a 64 años de edad;4360;43;11488;38.0;Suroriente;17-04-2023
La Reina;Enfermos cronicos de 11 a 64 años de edad;1955;19;5964;32.8;Oriente;17-04-2023
Lampa;Enfermos cronicos de 11 a 64 años de edad;2985;29;10188;29.3;Norte;17-04-2023
Las Condes;Enfermos cronicos de 11 a 64 años de edad;4975;49;13308;37.4;Oriente;17-04-2023
Lo Barnechea;Enfermos cronicos de 11 a 64 años de edad;1706;17;4315;39.5;Oriente;17-04-2023
Lo Espejo;Enfermos cronicos de 11 a 64 años de edad;2868;28;9839;29.1;Sur;17-04-2023
Lo Prado;Enfermos cronicos de 11 a 64 años de edad;5588;55;15844;35.3;Occidente;17-04-2023
Macul;Enfermos cronicos de 11 a 64 años de edad;3039;30;10393;29.2;Oriente;17-04-2023
Maipú;Enfermos cronicos de 11 a 64 años de edad;16855;168;59580;28.3;Central;17-04-2023
María Pinto;Enfermos cronicos de 11 a 64 años de edad;662;6;1377;48.0;Occidente;17-04-2023
Melipilla;Enfermos cronicos de 11 a 64 años de edad;5281;52;14542;36.3;Occidente;17-04-2023
Padre Hurtado;Enfermos cronicos de 11 a 64 años de edad;1877;18;7107;26.4;Occidente;17-04-2023
Paine;Enfermos cronicos de 11 a 64 años de edad;2995;29;12549;23.9;Sur;17-04-2023
Pedro Aguirre Cerda;Enfermos cronicos de 11 a 64 años de edad;3610;36;9059;39.8;Sur;17-04-2023
Peñaflor;Enfermos cronicos de 11 a 64 años de edad;2607;26;5564;46.9;Occidente;17-04-2023
Peñalolén;Enfermos cronicos de 11 a 64 años de edad;7096;70;23453;30.2;Oriente;17-04-2023
Pirque;Enfermos cronicos de 11 a 64 años de edad;943;9;2689;35.1;Suroriente;17-04-2023
Providencia;Enfermos cronicos de 11 a 64 años de edad;2595;25;8204;31.6;Oriente;17-04-2023
Pudahuel;Enfermos cronicos de 11 a 64 años de edad;12275;122;52464;23.4;Occidente;17-04-2023
Puente Alto;Enfermos cronicos de 11 a 64 años de edad;16211;162;42689;38.0;Suroriente;17-04-2023
Quilicura;Enfermos cronicos de 11 a 64 años de edad;7080;70;20694;34.2;Norte;17-04-2023
Quinta Normal;Enfermos cronicos de 11 a 64 años de edad;3826;38;11992;31.9;Occidente;17-04-2023
Recoleta;Enfermos cronicos de 11 a 64 años de edad;5846;58;14969;39.0;Norte;17-04-2023
Renca;Enfermos cronicos de 11 a 64 años de edad;4356;43;17990;24.2;Occidente;17-04-2023
San Bernardo;Enfermos cronicos de 11 a 64 años de edad;6998;69;33169;21.1;Sur;17-04-2023
San Joaquín;Enfermos cronicos de 11 a 64 años de edad;3218;32;11675;27.6;Sur;17-04-2023
San José de Maipo;Enfermos cronicos de 11 a 64 años de edad;611;6;1832;33.4;Suroriente;17-04-2023
San Miguel;Enfermos cronicos de 11 a 64 años de edad;4210;42;15660;26.9;Sur;17-04-2023
San Pedro;Enfermos cronicos de 11 a 64 años de edad;458;4;1378;33.2;Occidente;17-04-2023
San Ramón;Enfermos cronicos de 11 a 64 años de edad;3370;33;11538;29.2;Suroriente;17-04-2023
Santiago;Enfermos cronicos de 11 a 64 años de edad;10225;102;40049;25.5;Central;17-04-2023
Talagante;Enfermos cronicos de 11 a 64 años de edad;2485;24;7248;34.3;Occidente;17-04-2023
Tiltil;Enfermos cronicos de 11 a 64 años de edad;892;8;1681;53.1;Norte;17-04-2023
Vitacura;Enfermos cronicos de 11 a 64 años de edad;1020;10;2373;43.0;Oriente;17-04-2023
Ñuñoa;Enfermos cronicos de 11 a 64 años de edad;4306;43;12444;34.6;Oriente;17-04-2023
Alhué;Escolares de 1° a 5° año básico;68;;485;14.0;Occidente;17-04-2023
Buin;Escolares de 1° a 5° año básico;1940;19;8234;23.5;Sur;17-04-2023
Calera de Tango;Escolares de 1° a 5° año básico;902;9;2025;44.5;Sur;17-04-2023
Cerrillos;Escolares de 1° a 5° año básico;1491;14;5715;26.1;Central;17-04-2023
Cerro Navia;Escolares de 1° a 5° año básico;2157;21;8599;25.1;Occidente;17-04-2023
Colina;Escolares de 1° a 5° año básico;1630;16;16620;9.8;Norte;17-04-2023
Conchalí;Escolares de 1° a 5° año básico;2169;21;8031;27.0;Norte;17-04-2023
Curacaví;Escolares de 1° a 5° año básico;55;;2474;2.2;Occidente;17-04-2023
El Bosque;Escolares de 1° a 5° año básico;5631;56;11186;50.3;Sur;17-04-2023
El Monte;Escolares de 1° a 5° año básico;102;1;2938;3.5;Occidente;17-04-2023
Estación Central;Escolares de 1° a 5° año básico;2686;26;11336;23.7;Central;17-04-2023
Huechuraba;Escolares de 1° a 5° año básico;4457;44;8900;50.1;Norte;17-04-2023
Independencia;Escolares de 1° a 5° año básico;390;3;7588;5.1;Norte;17-04-2023
Isla de Maipo;Escolares de 1° a 5° año básico;964;9;2947;32.7;Occidente;17-04-2023
La Cisterna;Escolares de 1° a 5° año básico;1181;11;5741;20.6;Sur;17-04-2023
La Florida;Escolares de 1° a 5° año básico;2360;23;23381;10.1;Suroriente;17-04-2023
La Granja;Escolares de 1° a 5° año básico;4864;48;7194;67.6;Suroriente;17-04-2023
La Pintana;Escolares de 1° a 5° año básico;1874;18;14127;13.3;Suroriente;17-04-2023
La Reina;Escolares de 1° a 5° año básico;2710;27;5725;47.3;Oriente;17-04-2023
Lampa;Escolares de 1° a 5° año básico;1555;15;11727;13.3;Norte;17-04-2023
Las Condes;Escolares de 1° a 5° año básico;2310;23;15862;14.6;Oriente;17-04-2023
Lo Barnechea;Escolares de 1° a 5° año básico;3244;32;10497;30.9;Oriente;17-04-2023
Lo Espejo;Escolares de 1° a 5° año básico;918;9;6388;14.4;Sur;17-04-2023
Lo Prado;Escolares de 1° a 5° año básico;3508;35;5897;59.4;Occidente;17-04-2023
Macul;Escolares de 1° a 5° año básico;3521;35;7041;50.0;Oriente;17-04-2023
Maipú;Escolares de 1° a 5° año básico;5516;55;36172;15.2;Central;17-04-2023
María Pinto;Escolares de 1° a 5° año básico;599;5;1037;57.8;Occidente;17-04-2023
Melipilla;Escolares de 1° a 5° año básico;5003;50;9760;51.3;Occidente;17-04-2023
Padre Hurtado;Escolares de 1° a 5° año básico;984;9;5511;17.9;Occidente;17-04-2023
Paine;Escolares de 1° a 5° año básico;729;7;6203;11.8;Sur;17-04-2023
Pedro Aguirre Cerda;Escolares de 1° a 5° año básico;1890;18;5952;31.7;Sur;17-04-2023
Peñaflor;Escolares de 1° a 5° año básico;978;9;7385;13.2;Occidente;17-04-2023
Peñalolén;Escolares de 1° a 5° año básico;3762;37;18047;20.8;Oriente;17-04-2023
Pirque;Escolares de 1° a 5° año básico;264;2;2167;12.2;Suroriente;17-04-2023
Providencia;Escolares de 1° a 5° año básico;2205;22;5606;39.3;Oriente;17-04-2023
Pudahuel;Escolares de 1° a 5° año básico;4529;45;17411;26.0;Occidente;17-04-2023
Puente Alto;Escolares de 1° a 5° año básico;7824;78;46089;17.0;Suroriente;17-04-2023
Quilicura;Escolares de 1° a 5° año básico;6746;67;20145;33.5;Norte;17-04-2023
Quinta Normal;Escolares de 1° a 5° año básico;7137;71;7783;91.7;Occidente;17-04-2023
Recoleta;Escolares de 1° a 5° año básico;2928;29;11099;26.4;Norte;17-04-2023
Renca;Escolares de 1° a 5° año básico;1344;13;11377;11.8;Occidente;17-04-2023
San Bernardo;Escolares de 1° a 5° año básico;5708;57;25222;22.6;Sur;17-04-2023
San Joaquín;Escolares de 1° a 5° año básico;1845;18;5539;33.3;Sur;17-04-2023
San José de Maipo;Escolares de 1° a 5° año básico;364;3;1210;30.1;Suroriente;17-04-2023
San Miguel;Escolares de 1° a 5° año básico;2751;27;6998;39.3;Sur;17-04-2023
San Pedro;Escolares de 1° a 5° año básico;45;;776;5.8;Occidente;17-04-2023
San Ramón;Escolares de 1° a 5° año básico;2017;20;4962;40.6;Suroriente;17-04-2023
Santiago;Escolares de 1° a 5° año básico;3175;31;18465;17.2;Central;17-04-2023
Talagante;Escolares de 1° a 5° año básico;1381;13;5823;23.7;Occidente;17-04-2023
Tiltil;Escolares de 1° a 5° año básico;737;7;1490;49.5;Norte;17-04-2023
Vitacura;Escolares de 1° a 5° año básico;3491;34;5455;64.0;Oriente;17-04-2023
Ñuñoa;Escolares de 1° a 5° año básico;782;7;11284;6.9;Oriente;17-04-2023
Alhué;Embarazadas;25;;123;20.3;Occidente;17-04-2023
Buin;Embarazadas;298;2;1574;18.9;Sur;17-04-2023
Calera de Tango;Embarazadas;45;;318;13.8;Sur;17-04-2023
Cerrillos;Embarazadas;228;2;1014;22.4;Central;17-04-2023
Cerro Navia;Embarazadas;250;2;2014;12.4;Occidente;17-04-2023
Colina;Embarazadas;439;4;2478;17.7;Norte;17-04-2023
Conchalí;Embarazadas;278;2;1683;16.5;Norte;17-04-2023
Curacaví;Embarazadas;49;;421;11.6;Occidente;17-04-2023
El Bosque;Embarazadas;475;4;2323;20.4;Sur;17-04-2023
El Monte;Embarazadas;64;;510;12.5;Occidente;17-04-2023
Estación Central;Embarazadas;409;4;2633;15.5;Central;17-04-2023
Huechuraba;Embarazadas;248;2;1335;18.6;Norte;17-04-2023
Independencia;Embarazadas;369;3;1979;18.6;Norte;17-04-2023
Isla de Maipo;Embarazadas;101;1;436;23.2;Occidente;17-04-2023
La Cisterna;Embarazadas;191;1;1158;16.5;Sur;17-04-2023
La Florida;Embarazadas;647;6;4722;13.7;Suroriente;17-04-2023
La Granja;Embarazadas;335;3;1507;22.2;Suroriente;17-04-2023
La Pintana;Embarazadas;310;3;2653;11.7;Suroriente;17-04-2023
La Reina;Embarazadas;129;1;887;14.5;Oriente;17-04-2023
Lampa;Embarazadas;301;3;1914;15.7;Norte;17-04-2023
Las Condes;Embarazadas;595;5;3679;16.2;Oriente;17-04-2023
Lo Barnechea;Embarazadas;227;2;1201;18.9;Oriente;17-04-2023
Lo Espejo;Embarazadas;225;2;1590;14.2;Sur;17-04-2023
Lo Prado;Embarazadas;291;2;1189;24.5;Occidente;17-04-2023
Macul;Embarazadas;245;2;1465;16.7;Oriente;17-04-2023
Maipú;Embarazadas;911;9;6061;15.0;Central;17-04-2023
María Pinto;Embarazadas;36;;167;21.6;Occidente;17-04-2023
Melipilla;Embarazadas;499;4;1923;25.9;Occidente;17-04-2023
Padre Hurtado;Embarazadas;111;1;1032;10.8;Occidente;17-04-2023
Paine;Embarazadas;193;1;1066;18.1;Sur;17-04-2023
Pedro Aguirre Cerda;Embarazadas;219;2;1411;15.5;Sur;17-04-2023
Peñaflor;Embarazadas;172;1;1164;14.8;Occidente;17-04-2023
Peñalolén;Embarazadas;479;4;2895;16.5;Oriente;17-04-2023
Pirque;Embarazadas;54;;336;16.1;Suroriente;17-04-2023
Providencia;Embarazadas;259;2;1933;13.4;Oriente;17-04-2023
Pudahuel;Embarazadas;680;6;3082;22.1;Occidente;17-04-2023
Puente Alto;Embarazadas;910;9;7328;12.4;Suroriente;17-04-2023
Quilicura;Embarazadas;651;6;3491;18.6;Norte;17-04-2023
Quinta Normal;Embarazadas;226;2;1850;12.2;Occidente;17-04-2023
Recoleta;Embarazadas;381;3;2358;16.2;Norte;17-04-2023
Renca;Embarazadas;352;3;2121;16.6;Occidente;17-04-2023
San Bernardo;Embarazadas;446;4;4627;9.6;Sur;17-04-2023
San Joaquín;Embarazadas;174;1;1165;14.9;Sur;17-04-2023
San José de Maipo;Embarazadas;17;;168;10.1;Suroriente;17-04-2023
San Miguel;Embarazadas;321;3;1714;18.7;Sur;17-04-2023
San Pedro;Embarazadas;37;;123;30.1;Occidente;17-04-2023
San Ramón;Embarazadas;125;1;1138;11.0;Suroriente;17-04-2023
Santiago;Embarazadas;966;9;6481;14.9;Central;17-04-2023
Talagante;Embarazadas;156;1;1049;14.9;Occidente;17-04-2023
Tiltil;Embarazadas;49;;289;17.0;Norte;17-04-2023
Vitacura;Embarazadas;218;2;1254;17.4;Oriente;17-04-2023
Ñuñoa;Embarazadas;370;3;2855;13.0;Oriente;17-04-2023
Alhué;Otras prioridades;29;;248;11.7;Occidente;17-04-2023
Buin;Otras prioridades;497;4;1504;33.0;Sur;17-04-2023
Calera de Tango;Otras prioridades;55;;576;9.5;Sur;17-04-2023
Cerrillos;Otras prioridades;16;;388;4.1;Central;17-04-2023
Cerro Navia;Otras prioridades;23;;2723;0.8;Occidente;17-04-2023
Colina;Otras prioridades;84;;3561;2.4;Norte;17-04-2023
Conchalí;Otras prioridades;91;;1348;6.8;Norte;17-04-2023
Curacaví;Otras prioridades;3;;655;0.5;Occidente;17-04-2023
El Bosque;Otras prioridades;32;;4113;0.8;Sur;17-04-2023
El Monte;Otras prioridades;24;;634;3.8;Occidente;17-04-2023
Estación Central;Otras prioridades;54;;4058;1.3;Central;17-04-2023
Huechuraba;Otras prioridades;357;3;1906;18.7;Norte;17-04-2023
Independencia;Otras prioridades;35;;2054;1.7;Norte;17-04-2023
Isla de Maipo;Otras prioridades;24;;1289;1.9;Occidente;17-04-2023
La Cisterna;Otras prioridades;42;;4113;1.0;Sur;17-04-2023
La Florida;Otras prioridades;108;1;3840;2.8;Suroriente;17-04-2023
La Granja;Otras prioridades;83;;1837;4.5;Suroriente;17-04-2023
La Pintana;Otras prioridades;98;;1298;7.6;Suroriente;17-04-2023
La Reina;Otras prioridades;214;2;3781;5.7;Oriente;17-04-2023
Lampa;Otras prioridades;51;;429;11.9;Norte;17-04-2023
Las Condes;Otras prioridades;1145;11;6416;17.8;Oriente;17-04-2023
Lo Barnechea;Otras prioridades;109;1;1342;8.1;Oriente;17-04-2023
Lo Espejo;Otras prioridades;190;1;3367;5.6;Sur;17-04-2023
Lo Prado;Otras prioridades;23;;2130;1.1;Occidente;17-04-2023
Macul;Otras prioridades;318;3;1370;23.2;Oriente;17-04-2023
Maipú;Otras prioridades;110;1;5629;2.0;Central;17-04-2023
María Pinto;Otras prioridades;73;;197;37.1;Occidente;17-04-2023
Melipilla;Otras prioridades;288;2;763;37.7;Occidente;17-04-2023
Paine;Otras prioridades;31;;4312;0.7;Sur;17-04-2023
Pedro Aguirre Cerda;Otras prioridades;82;;1571;5.2;Sur;17-04-2023
Peñaflor;Otras prioridades;51;;1535;3.3;Occidente;17-04-2023
Peñalolén;Otras prioridades;115;1;2747;4.2;Oriente;17-04-2023
Pirque;Otras prioridades;9;;200;4.5;Suroriente;17-04-2023
Providencia;Otras prioridades;591;5;5710;10.4;Oriente;17-04-2023
Pudahuel;Otras prioridades;112;1;2341;4.8;Occidente;17-04-2023
Puente Alto;Otras prioridades;464;4;6111;7.6;Suroriente;17-04-2023
Quilicura;Otras prioridades;133;1;1047;12.7;Norte;17-04-2023
Quinta Normal;Otras prioridades;21;;632;3.3;Occidente;17-04-2023
Recoleta;Otras prioridades;4;;2943;0.1;Norte;17-04-2023
Renca;Otras prioridades;422;4;7803;5.4;Occidente;17-04-2023
San Bernardo;Otras prioridades;256;2;8438;3.0;Sur;17-04-2023
San Joaquín;Otras prioridades;1019;10;4107;24.8;Sur;17-04-2023
San José de Maipo;Otras prioridades;12;;346;3.5;Suroriente;17-04-2023
San Miguel;Otras prioridades;103;1;2216;4.6;Sur;17-04-2023
San Pedro;Otras prioridades;2;;239;0.8;Occidente;17-04-2023
San Ramón;Otras prioridades;183;1;2035;9.0;Suroriente;17-04-2023
Santiago;Otras prioridades;1793;17;9720;18.4;Central;17-04-2023
Talagante;Otras prioridades;64;;2480;2.6;Occidente;17-04-2023
Tiltil;Otras prioridades;106;1;1238;8.6;Norte;17-04-2023
Vitacura;Otras prioridades;49;;1088;4.5;Oriente;17-04-2023
Ñuñoa;Otras prioridades;201;2;26254;0.8;Oriente;17-04-2023
Alhué;P. de salud: Privado;3;;5;60.0;Occidente;17-04-2023
Buin;P. de salud: Privado;247;2;205;120.5;Sur;17-04-2023
Calera de Tango;P. de salud: Privado;21;;63;33.3;Sur;17-04-2023
Cerrillos;P. de salud: Privado;66;;59;111.9;Central;17-04-2023
Cerro Navia;P. de salud: Privado;54;;33;163.6;Occidente;17-04-2023
Colina;P. de salud: Privado;435;4;529;82.2;Norte;17-04-2023
Conchalí;P. de salud: Privado;84;;130;64.6;Norte;17-04-2023
Curacaví;P. de salud: Privado;37;;63;58.7;Occidente;17-04-2023
El Bosque;P. de salud: Privado;162;1;151;107.3;Sur;17-04-2023
El Monte;P. de salud: Privado;7;;15;46.7;Occidente;17-04-2023
Estación Central;P. de salud: Privado;3480;34;5162;67.4;Central;17-04-2023
Huechuraba;P. de salud: Privado;119;1;157;75.8;Norte;17-04-2023
Independencia;P. de salud: Privado;3529;35;4140;85.2;Norte;17-04-2023
Isla de Maipo;P. de salud: Privado;17;;44;38.6;Occidente;17-04-2023
La Cisterna;P. de salud: Privado;303;3;175;173.1;Sur;17-04-2023
La Florida;P. de salud: Privado;2502;25;3554;70.4;Suroriente;17-04-2023
La Granja;P. de salud: Privado;86;;208;41.3;Suroriente;17-04-2023
La Pintana;P. de salud: Privado;145;1;225;64.4;Suroriente;17-04-2023
La Reina;P. de salud: Privado;368;3;888;41.4;Oriente;17-04-2023
Lampa;P. de salud: Privado;47;;95;49.5;Norte;17-04-2023
Las Condes;P. de salud: Privado;7910;79;8810;89.8;Oriente;17-04-2023
Lo Barnechea;P. de salud: Privado;1189;11;2103;56.5;Oriente;17-04-2023
Lo Espejo;P. de salud: Privado;43;;84;51.2;Sur;17-04-2023
Lo Prado;P. de salud: Privado;54;;95;56.8;Occidente;17-04-2023
Macul;P. de salud: Privado;827;8;870;95.1;Oriente;17-04-2023
Maipú;P. de salud: Privado;695;6;560;124.1;Central;17-04-2023
María Pinto;P. de salud: Privado;7;;7;100.0;Occidente;17-04-2023
Melipilla;P. de salud: Privado;548;5;559;98.0;Occidente;17-04-2023
Padre Hurtado;P. de salud: Privado;56;;87;64.4;Occidente;17-04-2023
Paine;P. de salud: Privado;65;;126;51.6;Sur;17-04-2023
Pedro Aguirre Cerda;P. de salud: Privado;110;1;148;74.3;Sur;17-04-2023
Peñaflor;P. de salud: Privado;25;;80;31.2;Occidente;17-04-2023
Peñalolén;P. de salud: Privado;366;3;572;64.0;Oriente;17-04-2023
Pirque;P. de salud: Privado;15;;55;27.3;Suroriente;17-04-2023
Providencia;P. de salud: Privado;7847;78;11353;69.1;Oriente;17-04-2023
Pudahuel;P. de salud: Privado;243;2;332;73.2;Occidente;17-04-2023
Puente Alto;P. de salud: Privado;856;8;1158;73.8;Suroriente;17-04-2023
Quilicura;P. de salud: Privado;124;1;299;41.5;Norte;17-04-2023
Quinta Normal;P. de salud: Privado;61;;129;47.3;Occidente;17-04-2023
Recoleta;P. de salud: Privado;1979;19;3795;52.1;Norte;17-04-2023
Renca;P. de salud: Privado;64;;104;61.5;Occidente;17-04-2023
San Bernardo;P. de salud: Privado;562;5;1000;56.0;Sur;17-04-2023
San Joaquín;P. de salud: Privado;65;;153;42.5;Sur;17-04-2023
San José de Maipo;P. de salud: Privado;35;;66;53.0;Suroriente;17-04-2023
San Miguel;P. de salud: Privado;369;3;252;146.4;Sur;17-04-2023
San Ramón;P. de salud: Privado;44;;31;141.9;Suroriente;17-04-2023
Santiago;P. de salud: Privado;4884;48;5430;89.9;Central;17-04-2023
Talagante;P. de salud: Privado;88;;237;37.1;Occidente;17-04-2023
Tiltil;P. de salud: Privado;19;;20;95.0;Norte;17-04-2023
Vitacura;P. de salud: Privado;3727;37;7043;52.9;Oriente;17-04-2023
Ñuñoa;P. de salud: Privado;1487;14;1388;107.1;Oriente;17-04-2023
Alhué;P. de salud: Público;101;1;113;89.4;Occidente;17-04-2023
Buin;P. de salud: Público;1161;11;1123;103.4;Sur;17-04-2023
Calera de Tango;P. de salud: Público;153;1;189;81.0;Sur;17-04-2023
Cerrillos;P. de salud: Público;271;2;347;78.1;Central;17-04-2023
Cerro Navia;P. de salud: Público;532;5;844;63.0;Occidente;17-04-2023
Colina;P. de salud: Público;680;6;882;77.1;Norte;17-04-2023
Conchalí;P. de salud: Público;822;8;917;89.6;Norte;17-04-2023
Curacaví;P. de salud: Público;222;2;345;64.3;Occidente;17-04-2023
El Bosque;P. de salud: Público;1529;15;1825;83.8;Sur;17-04-2023
El Monte;P. de salud: Público;235;2;466;50.4;Occidente;17-04-2023
Estación Central;P. de salud: Público;798;7;991;80.5;Central;17-04-2023
Huechuraba;P. de salud: Público;677;6;784;86.4;Norte;17-04-2023
Independencia;P. de salud: Público;4991;49;6599;75.6;Norte;17-04-2023
Isla de Maipo;P. de salud: Público;286;2;327;87.5;Occidente;17-04-2023
La Cisterna;P. de salud: Público;496;4;666;74.5;Sur;17-04-2023
La Florida;P. de salud: Público;3767;37;4659;80.9;Suroriente;17-04-2023
La Granja;P. de salud: Público;711;7;1124;63.3;Suroriente;17-04-2023
La Pintana;P. de salud: Público;745;7;1492;49.9;Suroriente;17-04-2023
La Reina;P. de salud: Público;2527;25;2194;115.2;Oriente;17-04-2023
Lampa;P. de salud: Público;506;5;567;89.2;Norte;17-04-2023
Las Condes;P. de salud: Público;1894;18;4206;45.0;Oriente;17-04-2023
Lo Barnechea;P. de salud: Público;330;3;551;59.9;Oriente;17-04-2023
Lo Espejo;P. de salud: Público;638;6;727;87.8;Sur;17-04-2023
Lo Prado;P. de salud: Público;702;7;835;84.1;Occidente;17-04-2023
Macul;P. de salud: Público;654;6;953;68.6;Oriente;17-04-2023
Maipú;P. de salud: Público;3847;38;5180;74.3;Central;17-04-2023
María Pinto;P. de salud: Público;98;;128;76.6;Occidente;17-04-2023
Melipilla;P. de salud: Público;1616;16;1627;99.3;Occidente;17-04-2023
Padre Hurtado;P. de salud: Público;226;2;400;56.5;Occidente;17-04-2023
Paine;P. de salud: Público;451;4;488;92.4;Sur;17-04-2023
Pedro Aguirre Cerda;P. de salud: Público;727;7;798;91.1;Sur;17-04-2023
Peñaflor;P. de salud: Público;879;8;1018;86.3;Occidente;17-04-2023
Peñalolén;P. de salud: Público;2969;29;3357;88.4;Oriente;17-04-2023
Pirque;P. de salud: Público;311;3;268;116.0;Suroriente;17-04-2023
Providencia;P. de salud: Público;7395;73;8442;87.6;Oriente;17-04-2023
Pudahuel;P. de salud: Público;1445;14;1752;82.5;Occidente;17-04-2023
Puente Alto;P. de salud: Público;6400;64;7922;80.8;Suroriente;17-04-2023
Quilicura;P. de salud: Público;864;8;1442;59.9;Norte;17-04-2023
Quinta Normal;P. de salud: Público;2908;29;3623;80.3;Occidente;17-04-2023
Recoleta;P. de salud: Público;1134;11;1890;60.0;Norte;17-04-2023
Renca;P. de salud: Público;1010;10;1024;98.6;Occidente;17-04-2023
San Bernardo;P. de salud: Público;3301;33;4236;77.9;Sur;17-04-2023
San Joaquín;P. de salud: Público;564;5;702;80.3;Sur;17-04-2023
San José de Maipo;P. de salud: Público;470;4;695;67.6;Suroriente;17-04-2023
San Miguel;P. de salud: Público;5245;52;7531;69.6;Sur;17-04-2023
San Pedro;P. de salud: Público;110;1;118;93.2;Occidente;17-04-2023
San Ramón;P. de salud: Público;1994;19;3513;56.7;Suroriente;17-04-2023
Santiago;P. de salud: Público;8471;84;16201;52.3;Central;17-04-2023
Talagante;P. de salud: Público;913;9;1892;48.3;Occidente;17-04-2023
Tiltil;P. de salud: Público;230;2;244;94.3;Norte;17-04-2023
Vitacura;P. de salud: Público;304;3;310;98.1;Oriente;17-04-2023
Ñuñoa;P. de salud: Público;858;8;3646;23.5;Oriente;17-04-2023
Alhué;Trabajadores de avícolas y de criaderos de cerdo;2;;0;0.0;Occidente;17-04-2023
Buin;Trabajadores de avícolas y de criaderos de cerdo;227;2;197;115.2;Sur;17-04-2023
Calera de Tango;Trabajadores de avícolas y de criaderos de cerdo;24;;53;45.3;Sur;17-04-2023
Cerrillos;Trabajadores de avícolas y de criaderos de cerdo;190;1;242;78.5;Central;17-04-2023
Cerro Navia;Trabajadores de avícolas y de criaderos de cerdo;3;;10;30.0;Occidente;17-04-2023
Colina;Trabajadores de avícolas y de criaderos de cerdo;145;1;219;66.2;Norte;17-04-2023
Conchalí;Trabajadores de avícolas y de criaderos de cerdo;1;;1;100.0;Norte;17-04-2023
Curacaví;Trabajadores de avícolas y de criaderos de cerdo;54;;67;80.6;Occidente;17-04-2023
El Bosque;Trabajadores de avícolas y de criaderos de cerdo;6;;10;60.0;Sur;17-04-2023
El Monte;Trabajadores de avícolas y de criaderos de cerdo;721;7;664;108.6;Occidente;17-04-2023
Estación Central;Trabajadores de avícolas y de criaderos de cerdo;2;;8;25.0;Central;17-04-2023
Huechuraba;Trabajadores de avícolas y de criaderos de cerdo;31;;22;140.9;Norte;17-04-2023
Independencia;Trabajadores de avícolas y de criaderos de cerdo;3;;4;75.0;Norte;17-04-2023
Isla de Maipo;Trabajadores de avícolas y de criaderos de cerdo;88;;210;41.9;Occidente;17-04-2023
La Cisterna;Trabajadores de avícolas y de criaderos de cerdo;341;3;516;66.1;Sur;17-04-2023
La Florida;Trabajadores de avícolas y de criaderos de cerdo;9;;6;150.0;Suroriente;17-04-2023
La Granja;Trabajadores de avícolas y de criaderos de cerdo;8;;26;30.8;Suroriente;17-04-2023
La Pintana;Trabajadores de avícolas y de criaderos de cerdo;608;6;669;90.9;Suroriente;17-04-2023
La Reina;Trabajadores de avícolas y de criaderos de cerdo;2;;4;50.0;Oriente;17-04-2023
Lampa;Trabajadores de avícolas y de criaderos de cerdo;41;;152;27.0;Norte;17-04-2023
Las Condes;Trabajadores de avícolas y de criaderos de cerdo;10;;7;142.9;Oriente;17-04-2023
Lo Barnechea;Trabajadores de avícolas y de criaderos de cerdo;10;;3;333.3;Oriente;17-04-2023
Lo Espejo;Trabajadores de avícolas y de criaderos de cerdo;3;;2;150.0;Sur;17-04-2023
Lo Prado;Trabajadores de avícolas y de criaderos de cerdo;2;;0;0.0;Occidente;17-04-2023
Macul;Trabajadores de avícolas y de criaderos de cerdo;1;;16;6.2;Oriente;17-04-2023
Maipú;Trabajadores de avícolas y de criaderos de cerdo;16;;81;19.8;Central;17-04-2023
María Pinto;Trabajadores de avícolas y de criaderos de cerdo;62;;62;100.0;Occidente;17-04-2023
Melipilla;Trabajadores de avícolas y de criaderos de cerdo;1029;10;1583;65.0;Occidente;17-04-2023
Paine;Trabajadores de avícolas y de criaderos de cerdo;36;;113;31.9;Sur;17-04-2023
Pedro Aguirre Cerda;Trabajadores de avícolas y de criaderos de cerdo;6;;0;0.0;Sur;17-04-2023
Peñaflor;Trabajadores de avícolas y de criaderos de cerdo;204;2;278;73.4;Occidente;17-04-2023
Peñalolén;Trabajadores de avícolas y de criaderos de cerdo;3;;5;60.0;Oriente;17-04-2023
Pirque;Trabajadores de avícolas y de criaderos de cerdo;157;1;138;113.0;Suroriente;17-04-2023
Providencia;Trabajadores de avícolas y de criaderos de cerdo;25;;34;73.5;Oriente;17-04-2023
Pudahuel;Trabajadores de avícolas y de criaderos de cerdo;204;2;110;185.5;Occidente;17-04-2023
Puente Alto;Trabajadores de avícolas y de criaderos de cerdo;64;;120;53.3;Suroriente;17-04-2023
Quilicura;Trabajadores de avícolas y de criaderos de cerdo;6;;7;85.7;Norte;17-04-2023
Quinta Normal;Trabajadores de avícolas y de criaderos de cerdo;4;;14;28.6;Occidente;17-04-2023
Recoleta;Trabajadores de avícolas y de criaderos de cerdo;7;;74;9.5;Norte;17-04-2023
Renca;Trabajadores de avícolas y de criaderos de cerdo;5;;4;125.0;Occidente;17-04-2023
San Bernardo;Trabajadores de avícolas y de criaderos de cerdo;477;4;688;69.3;Sur;17-04-2023
San Miguel;Trabajadores de avícolas y de criaderos de cerdo;1;;8;12.5;Sur;17-04-2023
San Pedro;Trabajadores de avícolas y de criaderos de cerdo;682;6;1315;51.9;Occidente;17-04-2023
San Ramón;Trabajadores de avícolas y de criaderos de cerdo;1;;0;0.0;Suroriente;17-04-2023
Santiago;Trabajadores de avícolas y de criaderos de cerdo;50;;198;25.3;Central;17-04-2023
Talagante;Trabajadores de avícolas y de criaderos de cerdo;113;1;117;96.6;Occidente;17-04-2023
Tiltil;Trabajadores de avícolas y de criaderos de cerdo;2;;47;4.3;Norte;17-04-2023
Vitacura;Trabajadores de avícolas y de criaderos de cerdo;3;;0;0.0;Oriente;17-04-2023
Ñuñoa;Trabajadores de avícolas y de criaderos de cerdo;2;;1;200.0;Oriente;17-04-2023
Alhué;Trabajadores de la educación  preescolar y escolar hasta 5° año básico;17;;103;16.5;Occidente;17-04-2023
Buin;Trabajadores de la educación  preescolar y escolar hasta 5° año básico;412;4;1162;35.5;Sur;17-04-2023
Calera de Tango;Trabajadores de la educación  preescolar y escolar hasta 5° año básico;174;1;363;47.9;Sur;17-04-2023
Cerrillos;Trabajadores de la educación  preescolar y escolar hasta 5° año básico;315;3;1032;30.5;Central;17-04-2023
Cerro Navia;Trabajadores de la educación  preescolar y escolar hasta 5° año básico;379;3;930;40.8;Occidente;17-04-2023
Colina;Trabajadores de la educación  preescolar y escolar hasta 5° año básico;1173;11;2915;40.2;Norte;17-04-2023
Conchalí;Trabajadores de la educación  preescolar y escolar hasta 5° año básico;544;5;1098;49.5;Norte;17-04-2023
Curacaví;Trabajadores de la educación  preescolar y escolar hasta 5° año básico;115;1;416;27.6;Occidente;17-04-2023
El Bosque;Trabajadores de la educación  preescolar y escolar hasta 5° año básico;1437;14;2247;64.0;Sur;17-04-2023
El Monte;Trabajadores de la educación  preescolar y escolar hasta 5° año básico;37;;733;5.0;Occidente;17-04-2023
Estación Central;Trabajadores de la educación  preescolar y escolar hasta 5° año básico;626;6;1594;39.3;Central;17-04-2023
Huechuraba;Trabajadores de la educación  preescolar y escolar hasta 5° año básico;1162;11;1081;107.5;Norte;17-04-2023
Independencia;Trabajadores de la educación  preescolar y escolar hasta 5° año básico;142;1;1091;13.0;Norte;17-04-2023
Isla de Maipo;Trabajadores de la educación  preescolar y escolar hasta 5° año básico;197;1;571;34.5;Occidente;17-04-2023
La Cisterna;Trabajadores de la educación  preescolar y escolar hasta 5° año básico;302;3;890;33.9;Sur;17-04-2023
La Florida;Trabajadores de la educación  preescolar y escolar hasta 5° año básico;943;9;4230;22.3;Suroriente;17-04-2023
La Granja;Trabajadores de la educación  preescolar y escolar hasta 5° año básico;1173;11;1333;88.0;Suroriente;17-04-2023
La Pintana;Trabajadores de la educación  preescolar y escolar hasta 5° año básico;798;7;2552;31.3;Suroriente;17-04-2023
La Reina;Trabajadores de la educación  preescolar y escolar hasta 5° año básico;594;5;1428;41.6;Oriente;17-04-2023
Lampa;Trabajadores de la educación  preescolar y escolar hasta 5° año básico;524;5;1277;41.0;Norte;17-04-2023
Las Condes;Trabajadores de la educación  preescolar y escolar hasta 5° año básico;643;6;1633;39.4;Oriente;17-04-2023
Lo Barnechea;Trabajadores de la educación  preescolar y escolar hasta 5° año básico;872;8;1957;44.6;Oriente;17-04-2023
Lo Espejo;Trabajadores de la educación  preescolar y escolar hasta 5° año básico;185;1;952;19.4;Sur;17-04-2023
Lo Prado;Trabajadores de la educación  preescolar y escolar hasta 5° año básico;586;5;1064;55.1;Occidente;17-04-2023
Macul;Trabajadores de la educación  preescolar y escolar hasta 5° año básico;803;8;1499;53.6;Oriente;17-04-2023
Maipú;Trabajadores de la educación  preescolar y escolar hasta 5° año básico;1233;12;4535;27.2;Central;17-04-2023
María Pinto;Trabajadores de la educación  preescolar y escolar hasta 5° año básico;167;1;91;183.5;Occidente;17-04-2023
Melipilla;Trabajadores de la educación  preescolar y escolar hasta 5° año básico;1390;13;2004;69.3;Occidente;17-04-2023
Padre Hurtado;Trabajadores de la educación  preescolar y escolar hasta 5° año básico;255;2;799;31.9;Occidente;17-04-2023
Paine;Trabajadores de la educación  preescolar y escolar hasta 5° año básico;350;3;921;38.0;Sur;17-04-2023
Pedro Aguirre Cerda;Trabajadores de la educación  preescolar y escolar hasta 5° año básico;610;6;1510;40.4;Sur;17-04-2023
Peñaflor;Trabajadores de la educación  preescolar y escolar hasta 5° año básico;237;2;967;24.5;Occidente;17-04-2023
Peñalolén;Trabajadores de la educación  preescolar y escolar hasta 5° año básico;1071;10;3286;32.6;Oriente;17-04-2023
Pirque;Trabajadores de la educación  preescolar y escolar hasta 5° año básico;128;1;409;31.3;Suroriente;17-04-2023
Providencia;Trabajadores de la educación  preescolar y escolar hasta 5° año básico;441;4;1437;30.7;Oriente;17-04-2023
Pudahuel;Trabajadores de la educación  preescolar y escolar hasta 5° año básico;1020;10;1598;63.8;Occidente;17-04-2023
Puente Alto;Trabajadores de la educación  preescolar y escolar hasta 5° año básico;2455;24;6066;40.5;Suroriente;17-04-2023
Quilicura;Trabajadores de la educación  preescolar y escolar hasta 5° año básico;1047;10;1949;53.7;Norte;17-04-2023
Quinta Normal;Trabajadores de la educación  preescolar y escolar hasta 5° año básico;1190;11;1525;78.0;Occidente;17-04-2023
Recoleta;Trabajadores de la educación  preescolar y escolar hasta 5° año básico;643;6;1638;39.3;Norte;17-04-2023
Renca;Trabajadores de la educación  preescolar y escolar hasta 5° año básico;627;6;1975;31.7;Occidente;17-04-2023
San Bernardo;Trabajadores de la educación  preescolar y escolar hasta 5° año básico;1318;13;3048;43.2;Sur;17-04-2023
San Joaquín;Trabajadores de la educación  preescolar y escolar hasta 5° año básico;674;6;1017;66.3;Sur;17-04-2023
San José de Maipo;Trabajadores de la educación  preescolar y escolar hasta 5° año básico;88;;271;32.5;Suroriente;17-04-2023
San Miguel;Trabajadores de la educación  preescolar y escolar hasta 5° año básico;697;6;1442;48.3;Sur;17-04-2023
San Pedro;Trabajadores de la educación  preescolar y escolar hasta 5° año básico;27;;176;15.3;Occidente;17-04-2023
San Ramón;Trabajadores de la educación  preescolar y escolar hasta 5° año básico;404;4;1044;38.7;Suroriente;17-04-2023
Santiago;Trabajadores de la educación  preescolar y escolar hasta 5° año básico;870;8;3682;23.6;Central;17-04-2023
Talagante;Trabajadores de la educación  preescolar y escolar hasta 5° año básico;415;4;1246;33.3;Occidente;17-04-2023
Tiltil;Trabajadores de la educación  preescolar y escolar hasta 5° año básico;233;2;375;62.1;Norte;17-04-2023
Vitacura;Trabajadores de la educación  preescolar y escolar hasta 5° año básico;716;7;1373;52.1;Oriente;17-04-2023
Ñuñoa;Trabajadores de la educación  preescolar y escolar hasta 5° año básico;232;2;2022;11.5;Oriente;17-04-2023
