Comuna_residencia,FECHA_INMUNIZACION,N° de vacunados,Grupo_obj,cod_comuna,Comuna,Provincia,Servicio
Alhué,2023-03-15,34,Población General,13502,Alhué,Melipilla,Occidente
Alhué,2023-03-16,43,Población General,13502,Alhué,Melipilla,Occidente
Alhué,2023-03-17,91,Población General,13502,Alhué,Melipilla,Occidente
Alhué,2023-03-18,26,Población General,13502,Alhué,Melipilla,Occidente
Alhué,2023-03-20,87,Población General,13502,Alhué,Melipilla,Occidente
Alhué,2023-03-21,114,Población General,13502,Alhué,Melipilla,Occidente
Alhué,2023-03-22,63,Población General,13502,Alhué,Melipilla,Occidente
Alhué,2023-03-23,73,Población General,13502,Alhué,Melipilla,Occidente
Alhué,2023-03-24,66,Población General,13502,Alhué,Melipilla,Occidente
Alhué,2023-03-25,24,Población General,13502,Alhué,Melipilla,Occidente
Buin,2023-03-15,310,Población General,13402,Buin,Maipo,Sur
Buin,2023-03-16,398,Población General,13402,Buin,Maipo,Sur
Buin,2023-03-17,700,Población General,13402,Buin,Maipo,Sur
Buin,2023-03-18,20,Población General,13402,Buin,Maipo,Sur
Buin,2023-03-20,824,Población General,13402,Buin,Maipo,Sur
Buin,2023-03-21,809,Población General,13402,Buin,Maipo,Sur
Buin,2023-03-22,746,Población General,13402,Buin,Maipo,Sur
Buin,2023-03-23,835,Población General,13402,Buin,Maipo,Sur
Buin,2023-03-24,427,Población General,13402,Buin,Maipo,Sur
Buin,2023-03-25,133,Población General,13402,Buin,Maipo,Sur
Calera de Tango,2023-03-15,41,Población General,13403,Calera de Tango,Maipo,Sur
Calera de Tango,2023-03-16,20,Población General,13403,Calera de Tango,Maipo,Sur
Calera de Tango,2023-03-17,26,Población General,13403,Calera de Tango,Maipo,Sur
Calera de Tango,2023-03-20,147,Población General,13403,Calera de Tango,Maipo,Sur
Calera de Tango,2023-03-21,159,Población General,13403,Calera de Tango,Maipo,Sur
Calera de Tango,2023-03-22,180,Población General,13403,Calera de Tango,Maipo,Sur
Calera de Tango,2023-03-23,177,Población General,13403,Calera de Tango,Maipo,Sur
Calera de Tango,2023-03-24,170,Población General,13403,Calera de Tango,Maipo,Sur
Calera de Tango,2023-03-25,113,Población General,13403,Calera de Tango,Maipo,Sur
Cerrillos,2023-03-15,321,Población General,13102,Cerrillos,Santiago,Central
Cerrillos,2023-03-16,416,Población General,13102,Cerrillos,Santiago,Central
Cerrillos,2023-03-17,360,Población General,13102,Cerrillos,Santiago,Central
Cerrillos,2023-03-18,43,Población General,13102,Cerrillos,Santiago,Central
Cerrillos,2023-03-20,395,Población General,13102,Cerrillos,Santiago,Central
Cerrillos,2023-03-21,509,Población General,13102,Cerrillos,Santiago,Central
Cerrillos,2023-03-22,616,Población General,13102,Cerrillos,Santiago,Central
Cerrillos,2023-03-23,416,Población General,13102,Cerrillos,Santiago,Central
Cerrillos,2023-03-24,277,Población General,13102,Cerrillos,Santiago,Central
Cerrillos,2023-03-25,78,Población General,13102,Cerrillos,Santiago,Central
Cerrillos,2023-03-26,1,Población General,13102,Cerrillos,Santiago,Central
Cerro Navia,2023-03-15,285,Población General,13103,Cerro Navia,Santiago,Occidente
Cerro Navia,2023-03-16,193,Población General,13103,Cerro Navia,Santiago,Occidente
Cerro Navia,2023-03-17,484,Población General,13103,Cerro Navia,Santiago,Occidente
Cerro Navia,2023-03-18,2,Población General,13103,Cerro Navia,Santiago,Occidente
Cerro Navia,2023-03-20,791,Población General,13103,Cerro Navia,Santiago,Occidente
Cerro Navia,2023-03-21,669,Población General,13103,Cerro Navia,Santiago,Occidente
Cerro Navia,2023-03-22,679,Población General,13103,Cerro Navia,Santiago,Occidente
Cerro Navia,2023-03-23,742,Población General,13103,Cerro Navia,Santiago,Occidente
Cerro Navia,2023-03-24,713,Población General,13103,Cerro Navia,Santiago,Occidente
Cerro Navia,2023-03-25,169,Población General,13103,Cerro Navia,Santiago,Occidente
Colina,2023-03-15,565,Población General,13301,Colina,Chacabuco,Norte
Colina,2023-03-16,728,Población General,13301,Colina,Chacabuco,Norte
Colina,2023-03-17,613,Población General,13301,Colina,Chacabuco,Norte
Colina,2023-03-18,55,Población General,13301,Colina,Chacabuco,Norte
Colina,2023-03-20,1000,Población General,13301,Colina,Chacabuco,Norte
Colina,2023-03-21,1100,Población General,13301,Colina,Chacabuco,Norte
Colina,2023-03-22,993,Población General,13301,Colina,Chacabuco,Norte
Colina,2023-03-23,947,Población General,13301,Colina,Chacabuco,Norte
Colina,2023-03-24,744,Población General,13301,Colina,Chacabuco,Norte
Colina,2023-03-25,95,Población General,13301,Colina,Chacabuco,Norte
Conchalí,2023-03-15,511,Población General,13104,Conchalí,Santiago,Norte
Conchalí,2023-03-16,434,Población General,13104,Conchalí,Santiago,Norte
Conchalí,2023-03-17,686,Población General,13104,Conchalí,Santiago,Norte
Conchalí,2023-03-18,110,Población General,13104,Conchalí,Santiago,Norte
Conchalí,2023-03-20,934,Población General,13104,Conchalí,Santiago,Norte
Conchalí,2023-03-21,908,Población General,13104,Conchalí,Santiago,Norte
Conchalí,2023-03-22,823,Población General,13104,Conchalí,Santiago,Norte
Conchalí,2023-03-23,824,Población General,13104,Conchalí,Santiago,Norte
Conchalí,2023-03-24,762,Población General,13104,Conchalí,Santiago,Norte
Conchalí,2023-03-25,89,Población General,13104,Conchalí,Santiago,Norte
Curacaví,2023-03-15,113,Población General,13503,Curacaví,Melipilla,Occidente
Curacaví,2023-03-16,103,Población General,13503,Curacaví,Melipilla,Occidente
Curacaví,2023-03-17,168,Población General,13503,Curacaví,Melipilla,Occidente
Curacaví,2023-03-18,4,Población General,13503,Curacaví,Melipilla,Occidente
Curacaví,2023-03-20,184,Población General,13503,Curacaví,Melipilla,Occidente
Curacaví,2023-03-21,182,Población General,13503,Curacaví,Melipilla,Occidente
Curacaví,2023-03-22,163,Población General,13503,Curacaví,Melipilla,Occidente
Curacaví,2023-03-23,161,Población General,13503,Curacaví,Melipilla,Occidente
Curacaví,2023-03-24,152,Población General,13503,Curacaví,Melipilla,Occidente
El Bosque,2023-03-15,327,Población General,13105,El Bosque,Santiago,Sur
El Bosque,2023-03-16,295,Población General,13105,El Bosque,Santiago,Sur
El Bosque,2023-03-17,1679,Población General,13105,El Bosque,Santiago,Sur
El Bosque,2023-03-18,385,Población General,13105,El Bosque,Santiago,Sur
El Bosque,2023-03-20,1828,Población General,13105,El Bosque,Santiago,Sur
El Bosque,2023-03-21,1766,Población General,13105,El Bosque,Santiago,Sur
El Bosque,2023-03-22,1929,Población General,13105,El Bosque,Santiago,Sur
El Bosque,2023-03-23,1687,Población General,13105,El Bosque,Santiago,Sur
El Bosque,2023-03-24,1422,Población General,13105,El Bosque,Santiago,Sur
El Bosque,2023-03-25,575,Población General,13105,El Bosque,Santiago,Sur
El Monte,2023-03-15,44,Población General,13602,El Monte,Talagante,Occidente
El Monte,2023-03-16,77,Población General,13602,El Monte,Talagante,Occidente
El Monte,2023-03-17,114,Población General,13602,El Monte,Talagante,Occidente
El Monte,2023-03-18,16,Población General,13602,El Monte,Talagante,Occidente
El Monte,2023-03-20,171,Población General,13602,El Monte,Talagante,Occidente
El Monte,2023-03-21,345,Población General,13602,El Monte,Talagante,Occidente
El Monte,2023-03-22,291,Población General,13602,El Monte,Talagante,Occidente
El Monte,2023-03-23,228,Población General,13602,El Monte,Talagante,Occidente
El Monte,2023-03-24,121,Población General,13602,El Monte,Talagante,Occidente
El Monte,2023-03-25,21,Población General,13602,El Monte,Talagante,Occidente
Estación Central,2023-03-15,481,Población General,13106,Estación Central,Santiago,Central
Estación Central,2023-03-16,598,Población General,13106,Estación Central,Santiago,Central
Estación Central,2023-03-17,580,Población General,13106,Estación Central,Santiago,Central
Estación Central,2023-03-18,23,Población General,13106,Estación Central,Santiago,Central
Estación Central,2023-03-19,2,Población General,13106,Estación Central,Santiago,Central
Estación Central,2023-03-20,615,Población General,13106,Estación Central,Santiago,Central
Estación Central,2023-03-21,618,Población General,13106,Estación Central,Santiago,Central
Estación Central,2023-03-22,835,Población General,13106,Estación Central,Santiago,Central
Estación Central,2023-03-23,899,Población General,13106,Estación Central,Santiago,Central
Estación Central,2023-03-24,755,Población General,13106,Estación Central,Santiago,Central
Estación Central,2023-03-25,41,Población General,13106,Estación Central,Santiago,Central
Huechuraba,2023-03-15,632,Población General,13107,Huechuraba,Santiago,Norte
Huechuraba,2023-03-16,813,Población General,13107,Huechuraba,Santiago,Norte
Huechuraba,2023-03-17,761,Población General,13107,Huechuraba,Santiago,Norte
Huechuraba,2023-03-18,326,Población General,13107,Huechuraba,Santiago,Norte
Huechuraba,2023-03-19,235,Población General,13107,Huechuraba,Santiago,Norte
Huechuraba,2023-03-20,724,Población General,13107,Huechuraba,Santiago,Norte
Huechuraba,2023-03-21,866,Población General,13107,Huechuraba,Santiago,Norte
Huechuraba,2023-03-22,907,Población General,13107,Huechuraba,Santiago,Norte
Huechuraba,2023-03-23,931,Población General,13107,Huechuraba,Santiago,Norte
Huechuraba,2023-03-24,791,Población General,13107,Huechuraba,Santiago,Norte
Huechuraba,2023-03-25,312,Población General,13107,Huechuraba,Santiago,Norte
Independencia,2023-03-15,470,Población General,13108,Independencia,Santiago,Norte
Independencia,2023-03-16,564,Población General,13108,Independencia,Santiago,Norte
Independencia,2023-03-17,604,Población General,13108,Independencia,Santiago,Norte
Independencia,2023-03-18,68,Población General,13108,Independencia,Santiago,Norte
Independencia,2023-03-20,977,Población General,13108,Independencia,Santiago,Norte
Independencia,2023-03-21,810,Población General,13108,Independencia,Santiago,Norte
Independencia,2023-03-22,598,Población General,13108,Independencia,Santiago,Norte
Independencia,2023-03-23,704,Población General,13108,Independencia,Santiago,Norte
Independencia,2023-03-24,754,Población General,13108,Independencia,Santiago,Norte
Independencia,2023-03-25,77,Población General,13108,Independencia,Santiago,Norte
Independencia,2023-03-26,24,Población General,13108,Independencia,Santiago,Norte
Isla de Maipo,2023-03-15,127,Población General,13603,Isla de Maipo,Talagante,Occidente
Isla de Maipo,2023-03-16,163,Población General,13603,Isla de Maipo,Talagante,Occidente
Isla de Maipo,2023-03-17,239,Población General,13603,Isla de Maipo,Talagante,Occidente
Isla de Maipo,2023-03-20,341,Población General,13603,Isla de Maipo,Talagante,Occidente
Isla de Maipo,2023-03-21,306,Población General,13603,Isla de Maipo,Talagante,Occidente
Isla de Maipo,2023-03-22,318,Población General,13603,Isla de Maipo,Talagante,Occidente
Isla de Maipo,2023-03-23,337,Población General,13603,Isla de Maipo,Talagante,Occidente
Isla de Maipo,2023-03-24,211,Población General,13603,Isla de Maipo,Talagante,Occidente
Isla de Maipo,2023-03-25,1,Población General,13603,Isla de Maipo,Talagante,Occidente
La Cisterna,2023-03-15,415,Población General,13109,La Cisterna,Santiago,Sur
La Cisterna,2023-03-16,311,Población General,13109,La Cisterna,Santiago,Sur
La Cisterna,2023-03-17,438,Población General,13109,La Cisterna,Santiago,Sur
La Cisterna,2023-03-18,178,Población General,13109,La Cisterna,Santiago,Sur
La Cisterna,2023-03-20,639,Población General,13109,La Cisterna,Santiago,Sur
La Cisterna,2023-03-21,579,Población General,13109,La Cisterna,Santiago,Sur
La Cisterna,2023-03-22,588,Población General,13109,La Cisterna,Santiago,Sur
La Cisterna,2023-03-23,691,Población General,13109,La Cisterna,Santiago,Sur
La Cisterna,2023-03-24,545,Población General,13109,La Cisterna,Santiago,Sur
La Cisterna,2023-03-25,210,Población General,13109,La Cisterna,Santiago,Sur
La Florida,2023-03-15,1412,Población General,13110,La Florida,Santiago,Suroriente
La Florida,2023-03-16,1499,Población General,13110,La Florida,Santiago,Suroriente
La Florida,2023-03-17,1729,Población General,13110,La Florida,Santiago,Suroriente
La Florida,2023-03-18,21,Población General,13110,La Florida,Santiago,Suroriente
La Florida,2023-03-20,2367,Población General,13110,La Florida,Santiago,Suroriente
La Florida,2023-03-21,2227,Población General,13110,La Florida,Santiago,Suroriente
La Florida,2023-03-22,2184,Población General,13110,La Florida,Santiago,Suroriente
La Florida,2023-03-23,2234,Población General,13110,La Florida,Santiago,Suroriente
La Florida,2023-03-24,2076,Población General,13110,La Florida,Santiago,Suroriente
La Florida,2023-03-25,26,Población General,13110,La Florida,Santiago,Suroriente
La Granja,2023-03-15,1407,Población General,13111,La Granja,Santiago,Suroriente
La Granja,2023-03-16,1088,Población General,13111,La Granja,Santiago,Suroriente
La Granja,2023-03-17,1126,Población General,13111,La Granja,Santiago,Suroriente
La Granja,2023-03-18,121,Población General,13111,La Granja,Santiago,Suroriente
La Granja,2023-03-20,1381,Población General,13111,La Granja,Santiago,Suroriente
La Granja,2023-03-21,1670,Población General,13111,La Granja,Santiago,Suroriente
La Granja,2023-03-22,1603,Población General,13111,La Granja,Santiago,Suroriente
La Granja,2023-03-23,1561,Población General,13111,La Granja,Santiago,Suroriente
La Granja,2023-03-24,1331,Población General,13111,La Granja,Santiago,Suroriente
La Granja,2023-03-25,170,Población General,13111,La Granja,Santiago,Suroriente
La Pintana,2023-03-15,401,Población General,13112,La Pintana,Santiago,Suroriente
La Pintana,2023-03-16,376,Población General,13112,La Pintana,Santiago,Suroriente
La Pintana,2023-03-17,615,Población General,13112,La Pintana,Santiago,Suroriente
La Pintana,2023-03-18,24,Población General,13112,La Pintana,Santiago,Suroriente
La Pintana,2023-03-20,791,Población General,13112,La Pintana,Santiago,Suroriente
La Pintana,2023-03-21,741,Población General,13112,La Pintana,Santiago,Suroriente
La Pintana,2023-03-22,774,Población General,13112,La Pintana,Santiago,Suroriente
La Pintana,2023-03-23,871,Población General,13112,La Pintana,Santiago,Suroriente
La Pintana,2023-03-24,656,Población General,13112,La Pintana,Santiago,Suroriente
La Pintana,2023-03-25,95,Población General,13112,La Pintana,Santiago,Suroriente
La Pintana,2023-03-26,1,Población General,13112,La Pintana,Santiago,Suroriente
La Reina,2023-03-15,430,Población General,13113,La Reina,Santiago,Oriente
La Reina,2023-03-16,445,Población General,13113,La Reina,Santiago,Oriente
La Reina,2023-03-17,452,Población General,13113,La Reina,Santiago,Oriente
La Reina,2023-03-18,91,Población General,13113,La Reina,Santiago,Oriente
La Reina,2023-03-20,747,Población General,13113,La Reina,Santiago,Oriente
La Reina,2023-03-21,653,Población General,13113,La Reina,Santiago,Oriente
La Reina,2023-03-22,778,Población General,13113,La Reina,Santiago,Oriente
La Reina,2023-03-23,885,Población General,13113,La Reina,Santiago,Oriente
La Reina,2023-03-24,854,Población General,13113,La Reina,Santiago,Oriente
La Reina,2023-03-25,66,Población General,13113,La Reina,Santiago,Oriente
Lampa,2023-03-15,247,Población General,13302,Lampa,Chacabuco,Norte
Lampa,2023-03-16,239,Población General,13302,Lampa,Chacabuco,Norte
Lampa,2023-03-17,458,Población General,13302,Lampa,Chacabuco,Norte
Lampa,2023-03-18,81,Población General,13302,Lampa,Chacabuco,Norte
Lampa,2023-03-20,374,Población General,13302,Lampa,Chacabuco,Norte
Lampa,2023-03-21,632,Población General,13302,Lampa,Chacabuco,Norte
Lampa,2023-03-22,531,Población General,13302,Lampa,Chacabuco,Norte
Lampa,2023-03-23,606,Población General,13302,Lampa,Chacabuco,Norte
Lampa,2023-03-24,475,Población General,13302,Lampa,Chacabuco,Norte
Lampa,2023-03-25,174,Población General,13302,Lampa,Chacabuco,Norte
Las Condes,2023-03-15,1432,Población General,13114,Las Condes,Santiago,Oriente
Las Condes,2023-03-16,1428,Población General,13114,Las Condes,Santiago,Oriente
Las Condes,2023-03-17,1551,Población General,13114,Las Condes,Santiago,Oriente
Las Condes,2023-03-18,753,Población General,13114,Las Condes,Santiago,Oriente
Las Condes,2023-03-20,2082,Población General,13114,Las Condes,Santiago,Oriente
Las Condes,2023-03-21,2156,Población General,13114,Las Condes,Santiago,Oriente
Las Condes,2023-03-22,2062,Población General,13114,Las Condes,Santiago,Oriente
Las Condes,2023-03-23,2246,Población General,13114,Las Condes,Santiago,Oriente
Las Condes,2023-03-24,1900,Población General,13114,Las Condes,Santiago,Oriente
Las Condes,2023-03-25,964,Población General,13114,Las Condes,Santiago,Oriente
Lo Barnechea,2023-03-15,527,Población General,13115,Lo Barnechea,Santiago,Oriente
Lo Barnechea,2023-03-16,437,Población General,13115,Lo Barnechea,Santiago,Oriente
Lo Barnechea,2023-03-17,474,Población General,13115,Lo Barnechea,Santiago,Oriente
Lo Barnechea,2023-03-18,30,Población General,13115,Lo Barnechea,Santiago,Oriente
Lo Barnechea,2023-03-20,717,Población General,13115,Lo Barnechea,Santiago,Oriente
Lo Barnechea,2023-03-21,577,Población General,13115,Lo Barnechea,Santiago,Oriente
Lo Barnechea,2023-03-22,695,Población General,13115,Lo Barnechea,Santiago,Oriente
Lo Barnechea,2023-03-23,778,Población General,13115,Lo Barnechea,Santiago,Oriente
Lo Barnechea,2023-03-24,539,Población General,13115,Lo Barnechea,Santiago,Oriente
Lo Barnechea,2023-03-25,87,Población General,13115,Lo Barnechea,Santiago,Oriente
Lo Espejo,2023-03-15,142,Población General,13116,Lo Espejo,Santiago,Sur
Lo Espejo,2023-03-16,139,Población General,13116,Lo Espejo,Santiago,Sur
Lo Espejo,2023-03-17,370,Población General,13116,Lo Espejo,Santiago,Sur
Lo Espejo,2023-03-18,62,Población General,13116,Lo Espejo,Santiago,Sur
Lo Espejo,2023-03-20,696,Población General,13116,Lo Espejo,Santiago,Sur
Lo Espejo,2023-03-21,550,Población General,13116,Lo Espejo,Santiago,Sur
Lo Espejo,2023-03-22,499,Población General,13116,Lo Espejo,Santiago,Sur
Lo Espejo,2023-03-23,453,Población General,13116,Lo Espejo,Santiago,Sur
Lo Espejo,2023-03-24,344,Población General,13116,Lo Espejo,Santiago,Sur
Lo Espejo,2023-03-25,66,Población General,13116,Lo Espejo,Santiago,Sur
Lo Prado,2023-03-15,207,Población General,13117,Lo Prado,Santiago,Occidente
Lo Prado,2023-03-16,204,Población General,13117,Lo Prado,Santiago,Occidente
Lo Prado,2023-03-17,856,Población General,13117,Lo Prado,Santiago,Occidente
Lo Prado,2023-03-18,330,Población General,13117,Lo Prado,Santiago,Occidente
Lo Prado,2023-03-20,1109,Población General,13117,Lo Prado,Santiago,Occidente
Lo Prado,2023-03-21,961,Población General,13117,Lo Prado,Santiago,Occidente
Lo Prado,2023-03-22,1077,Población General,13117,Lo Prado,Santiago,Occidente
Lo Prado,2023-03-23,1127,Población General,13117,Lo Prado,Santiago,Occidente
Lo Prado,2023-03-24,917,Población General,13117,Lo Prado,Santiago,Occidente
Lo Prado,2023-03-25,263,Población General,13117,Lo Prado,Santiago,Occidente
Macul,2023-03-15,392,Población General,13118,Macul,Santiago,Oriente
Macul,2023-03-16,447,Población General,13118,Macul,Santiago,Oriente
Macul,2023-03-17,543,Población General,13118,Macul,Santiago,Oriente
Macul,2023-03-18,8,Población General,13118,Macul,Santiago,Oriente
Macul,2023-03-20,1141,Población General,13118,Macul,Santiago,Oriente
Macul,2023-03-21,692,Población General,13118,Macul,Santiago,Oriente
Macul,2023-03-22,878,Población General,13118,Macul,Santiago,Oriente
Macul,2023-03-23,804,Población General,13118,Macul,Santiago,Oriente
Macul,2023-03-24,1013,Población General,13118,Macul,Santiago,Oriente
Macul,2023-03-25,20,Población General,13118,Macul,Santiago,Oriente
Macul,2023-03-26,1,Población General,13118,Macul,Santiago,Oriente
Maipú,2023-03-15,1384,Población General,13119,Maipú,Santiago,Central
Maipú,2023-03-16,1609,Población General,13119,Maipú,Santiago,Central
Maipú,2023-03-17,2309,Población General,13119,Maipú,Santiago,Central
Maipú,2023-03-18,255,Población General,13119,Maipú,Santiago,Central
Maipú,2023-03-19,17,Población General,13119,Maipú,Santiago,Central
Maipú,2023-03-20,3001,Población General,13119,Maipú,Santiago,Central
Maipú,2023-03-21,3525,Población General,13119,Maipú,Santiago,Central
Maipú,2023-03-22,3359,Población General,13119,Maipú,Santiago,Central
Maipú,2023-03-23,3455,Población General,13119,Maipú,Santiago,Central
Maipú,2023-03-24,2700,Población General,13119,Maipú,Santiago,Central
Maipú,2023-03-25,454,Población General,13119,Maipú,Santiago,Central
Maipú,2023-03-26,21,Población General,13119,Maipú,Santiago,Central
María Pinto,2023-03-15,49,Población General,13504,María Pinto,Melipilla,Occidente
María Pinto,2023-03-16,65,Población General,13504,María Pinto,Melipilla,Occidente
María Pinto,2023-03-17,79,Población General,13504,María Pinto,Melipilla,Occidente
María Pinto,2023-03-18,1,Población General,13504,María Pinto,Melipilla,Occidente
María Pinto,2023-03-19,66,Población General,13504,María Pinto,Melipilla,Occidente
María Pinto,2023-03-20,100,Población General,13504,María Pinto,Melipilla,Occidente
María Pinto,2023-03-21,89,Población General,13504,María Pinto,Melipilla,Occidente
María Pinto,2023-03-22,85,Población General,13504,María Pinto,Melipilla,Occidente
María Pinto,2023-03-23,88,Población General,13504,María Pinto,Melipilla,Occidente
María Pinto,2023-03-24,73,Población General,13504,María Pinto,Melipilla,Occidente
María Pinto,2023-03-25,80,Población General,13504,María Pinto,Melipilla,Occidente
María Pinto,2023-03-26,52,Población General,13504,María Pinto,Melipilla,Occidente
Melipilla,2023-03-15,625,Población General,13501,Melipilla,Melipilla,Occidente
Melipilla,2023-03-16,602,Población General,13501,Melipilla,Melipilla,Occidente
Melipilla,2023-03-17,666,Población General,13501,Melipilla,Melipilla,Occidente
Melipilla,2023-03-20,1165,Población General,13501,Melipilla,Melipilla,Occidente
Melipilla,2023-03-21,1065,Población General,13501,Melipilla,Melipilla,Occidente
Melipilla,2023-03-22,1304,Población General,13501,Melipilla,Melipilla,Occidente
Melipilla,2023-03-23,1389,Población General,13501,Melipilla,Melipilla,Occidente
Melipilla,2023-03-24,819,Población General,13501,Melipilla,Melipilla,Occidente
Melipilla,2023-03-25,1,Población General,13501,Melipilla,Melipilla,Occidente
Padre Hurtado,2023-03-15,80,Población General,13604,Padre Hurtado,Talagante,Occidente
Padre Hurtado,2023-03-16,123,Población General,13604,Padre Hurtado,Talagante,Occidente
Padre Hurtado,2023-03-17,181,Población General,13604,Padre Hurtado,Talagante,Occidente
Padre Hurtado,2023-03-18,1,Población General,13604,Padre Hurtado,Talagante,Occidente
Padre Hurtado,2023-03-20,118,Población General,13604,Padre Hurtado,Talagante,Occidente
Padre Hurtado,2023-03-21,234,Población General,13604,Padre Hurtado,Talagante,Occidente
Padre Hurtado,2023-03-22,257,Población General,13604,Padre Hurtado,Talagante,Occidente
Padre Hurtado,2023-03-23,281,Población General,13604,Padre Hurtado,Talagante,Occidente
Padre Hurtado,2023-03-24,251,Población General,13604,Padre Hurtado,Talagante,Occidente
Padre Hurtado,2023-03-25,90,Población General,13604,Padre Hurtado,Talagante,Occidente
Paine,2023-03-15,300,Población General,13404,Paine,Maipo,Sur
Paine,2023-03-16,296,Población General,13404,Paine,Maipo,Sur
Paine,2023-03-17,375,Población General,13404,Paine,Maipo,Sur
Paine,2023-03-18,9,Población General,13404,Paine,Maipo,Sur
Paine,2023-03-20,520,Población General,13404,Paine,Maipo,Sur
Paine,2023-03-21,374,Población General,13404,Paine,Maipo,Sur
Paine,2023-03-22,444,Población General,13404,Paine,Maipo,Sur
Paine,2023-03-23,444,Población General,13404,Paine,Maipo,Sur
Paine,2023-03-24,322,Población General,13404,Paine,Maipo,Sur
Paine,2023-03-25,200,Población General,13404,Paine,Maipo,Sur
Pedro Aguirre Cerda,2023-03-15,496,Población General,13121,Pedro Aguirre Cerda,Santiago,Sur
Pedro Aguirre Cerda,2023-03-16,579,Población General,13121,Pedro Aguirre Cerda,Santiago,Sur
Pedro Aguirre Cerda,2023-03-17,575,Población General,13121,Pedro Aguirre Cerda,Santiago,Sur
Pedro Aguirre Cerda,2023-03-18,133,Población General,13121,Pedro Aguirre Cerda,Santiago,Sur
Pedro Aguirre Cerda,2023-03-20,914,Población General,13121,Pedro Aguirre Cerda,Santiago,Sur
Pedro Aguirre Cerda,2023-03-21,678,Población General,13121,Pedro Aguirre Cerda,Santiago,Sur
Pedro Aguirre Cerda,2023-03-22,790,Población General,13121,Pedro Aguirre Cerda,Santiago,Sur
Pedro Aguirre Cerda,2023-03-23,684,Población General,13121,Pedro Aguirre Cerda,Santiago,Sur
Pedro Aguirre Cerda,2023-03-24,587,Población General,13121,Pedro Aguirre Cerda,Santiago,Sur
Pedro Aguirre Cerda,2023-03-25,123,Población General,13121,Pedro Aguirre Cerda,Santiago,Sur
Peñaflor,2023-03-15,170,Población General,13605,Peñaflor,Talagante,Occidente
Peñaflor,2023-03-16,199,Población General,13605,Peñaflor,Talagante,Occidente
Peñaflor,2023-03-17,301,Población General,13605,Peñaflor,Talagante,Occidente
Peñaflor,2023-03-18,3,Población General,13605,Peñaflor,Talagante,Occidente
Peñaflor,2023-03-20,699,Población General,13605,Peñaflor,Talagante,Occidente
Peñaflor,2023-03-21,584,Población General,13605,Peñaflor,Talagante,Occidente
Peñaflor,2023-03-22,654,Población General,13605,Peñaflor,Talagante,Occidente
Peñaflor,2023-03-23,539,Población General,13605,Peñaflor,Talagante,Occidente
Peñaflor,2023-03-24,454,Población General,13605,Peñaflor,Talagante,Occidente
Peñaflor,2023-03-25,225,Población General,13605,Peñaflor,Talagante,Occidente
Peñalolén,2023-03-15,555,Población General,13122,Peñalolén,Santiago,Oriente
Peñalolén,2023-03-16,593,Población General,13122,Peñalolén,Santiago,Oriente
Peñalolén,2023-03-17,896,Población General,13122,Peñalolén,Santiago,Oriente
Peñalolén,2023-03-18,86,Población General,13122,Peñalolén,Santiago,Oriente
Peñalolén,2023-03-20,1479,Población General,13122,Peñalolén,Santiago,Oriente
Peñalolén,2023-03-21,1383,Población General,13122,Peñalolén,Santiago,Oriente
Peñalolén,2023-03-22,1421,Población General,13122,Peñalolén,Santiago,Oriente
Peñalolén,2023-03-23,1412,Población General,13122,Peñalolén,Santiago,Oriente
Peñalolén,2023-03-24,1351,Población General,13122,Peñalolén,Santiago,Oriente
Peñalolén,2023-03-25,159,Población General,13122,Peñalolén,Santiago,Oriente
Pirque,2023-03-15,70,Población General,13202,Pirque,Cordillera,Suroriente
Pirque,2023-03-16,120,Población General,13202,Pirque,Cordillera,Suroriente
Pirque,2023-03-17,112,Población General,13202,Pirque,Cordillera,Suroriente
Pirque,2023-03-18,44,Población General,13202,Pirque,Cordillera,Suroriente
Pirque,2023-03-20,161,Población General,13202,Pirque,Cordillera,Suroriente
Pirque,2023-03-21,169,Población General,13202,Pirque,Cordillera,Suroriente
Pirque,2023-03-22,188,Población General,13202,Pirque,Cordillera,Suroriente
Pirque,2023-03-23,187,Población General,13202,Pirque,Cordillera,Suroriente
Pirque,2023-03-24,154,Población General,13202,Pirque,Cordillera,Suroriente
Pirque,2023-03-25,131,Población General,13202,Pirque,Cordillera,Suroriente
Providencia,2023-03-15,602,Población General,13123,Providencia,Santiago,Oriente
Providencia,2023-03-16,668,Población General,13123,Providencia,Santiago,Oriente
Providencia,2023-03-17,878,Población General,13123,Providencia,Santiago,Oriente
Providencia,2023-03-18,30,Población General,13123,Providencia,Santiago,Oriente
Providencia,2023-03-20,1027,Población General,13123,Providencia,Santiago,Oriente
Providencia,2023-03-21,1026,Población General,13123,Providencia,Santiago,Oriente
Providencia,2023-03-22,981,Población General,13123,Providencia,Santiago,Oriente
Providencia,2023-03-23,959,Población General,13123,Providencia,Santiago,Oriente
Providencia,2023-03-24,1033,Población General,13123,Providencia,Santiago,Oriente
Providencia,2023-03-25,100,Población General,13123,Providencia,Santiago,Oriente
Pudahuel,2023-03-15,704,Población General,13124,Pudahuel,Santiago,Occidente
Pudahuel,2023-03-16,989,Población General,13124,Pudahuel,Santiago,Occidente
Pudahuel,2023-03-17,1375,Población General,13124,Pudahuel,Santiago,Occidente
Pudahuel,2023-03-18,7,Población General,13124,Pudahuel,Santiago,Occidente
Pudahuel,2023-03-20,1911,Población General,13124,Pudahuel,Santiago,Occidente
Pudahuel,2023-03-21,1633,Población General,13124,Pudahuel,Santiago,Occidente
Pudahuel,2023-03-22,1870,Población General,13124,Pudahuel,Santiago,Occidente
Pudahuel,2023-03-23,1941,Población General,13124,Pudahuel,Santiago,Occidente
Pudahuel,2023-03-24,1459,Población General,13124,Pudahuel,Santiago,Occidente
Pudahuel,2023-03-25,3,Población General,13124,Pudahuel,Santiago,Occidente
Puente Alto,2023-03-15,1196,Población General,13201,Puente Alto,Cordillera,Suroriente
Puente Alto,2023-03-16,1229,Población General,13201,Puente Alto,Cordillera,Suroriente
Puente Alto,2023-03-17,1411,Población General,13201,Puente Alto,Cordillera,Suroriente
Puente Alto,2023-03-18,141,Población General,13201,Puente Alto,Cordillera,Suroriente
Puente Alto,2023-03-19,60,Población General,13201,Puente Alto,Cordillera,Suroriente
Puente Alto,2023-03-20,2974,Población General,13201,Puente Alto,Cordillera,Suroriente
Puente Alto,2023-03-21,2983,Población General,13201,Puente Alto,Cordillera,Suroriente
Puente Alto,2023-03-22,2978,Población General,13201,Puente Alto,Cordillera,Suroriente
Puente Alto,2023-03-23,3037,Población General,13201,Puente Alto,Cordillera,Suroriente
Puente Alto,2023-03-24,2540,Población General,13201,Puente Alto,Cordillera,Suroriente
Puente Alto,2023-03-25,235,Población General,13201,Puente Alto,Cordillera,Suroriente
Puente Alto,2023-03-26,79,Población General,13201,Puente Alto,Cordillera,Suroriente
Quilicura,2023-03-15,374,Población General,13125,Quilicura,Santiago,Norte
Quilicura,2023-03-16,375,Población General,13125,Quilicura,Santiago,Norte
Quilicura,2023-03-17,848,Población General,13125,Quilicura,Santiago,Norte
Quilicura,2023-03-18,174,Población General,13125,Quilicura,Santiago,Norte
Quilicura,2023-03-20,1070,Población General,13125,Quilicura,Santiago,Norte
Quilicura,2023-03-21,1297,Población General,13125,Quilicura,Santiago,Norte
Quilicura,2023-03-22,1865,Población General,13125,Quilicura,Santiago,Norte
Quilicura,2023-03-23,1746,Población General,13125,Quilicura,Santiago,Norte
Quilicura,2023-03-24,1164,Población General,13125,Quilicura,Santiago,Norte
Quilicura,2023-03-25,321,Población General,13125,Quilicura,Santiago,Norte
Quinta Normal,2023-03-15,282,Población General,13126,Quinta Normal,Santiago,Occidente
Quinta Normal,2023-03-16,356,Población General,13126,Quinta Normal,Santiago,Occidente
Quinta Normal,2023-03-17,412,Población General,13126,Quinta Normal,Santiago,Occidente
Quinta Normal,2023-03-18,52,Población General,13126,Quinta Normal,Santiago,Occidente
Quinta Normal,2023-03-20,1102,Población General,13126,Quinta Normal,Santiago,Occidente
Quinta Normal,2023-03-21,798,Población General,13126,Quinta Normal,Santiago,Occidente
Quinta Normal,2023-03-22,699,Población General,13126,Quinta Normal,Santiago,Occidente
Quinta Normal,2023-03-23,1037,Población General,13126,Quinta Normal,Santiago,Occidente
Quinta Normal,2023-03-24,699,Población General,13126,Quinta Normal,Santiago,Occidente
Quinta Normal,2023-03-25,71,Población General,13126,Quinta Normal,Santiago,Occidente
Recoleta,2023-03-15,407,Población General,13127,Recoleta,Santiago,Norte
Recoleta,2023-03-16,562,Población General,13127,Recoleta,Santiago,Norte
Recoleta,2023-03-17,667,Población General,13127,Recoleta,Santiago,Norte
Recoleta,2023-03-18,105,Población General,13127,Recoleta,Santiago,Norte
Recoleta,2023-03-20,1336,Población General,13127,Recoleta,Santiago,Norte
Recoleta,2023-03-21,1146,Población General,13127,Recoleta,Santiago,Norte
Recoleta,2023-03-22,1334,Población General,13127,Recoleta,Santiago,Norte
Recoleta,2023-03-23,1527,Población General,13127,Recoleta,Santiago,Norte
Recoleta,2023-03-24,743,Población General,13127,Recoleta,Santiago,Norte
Recoleta,2023-03-25,166,Población General,13127,Recoleta,Santiago,Norte
Renca,2023-03-15,213,Población General,13128,Renca,Santiago,Occidente
Renca,2023-03-16,207,Población General,13128,Renca,Santiago,Occidente
Renca,2023-03-17,512,Población General,13128,Renca,Santiago,Occidente
Renca,2023-03-18,4,Población General,13128,Renca,Santiago,Occidente
Renca,2023-03-20,737,Población General,13128,Renca,Santiago,Occidente
Renca,2023-03-21,779,Población General,13128,Renca,Santiago,Occidente
Renca,2023-03-22,1021,Población General,13128,Renca,Santiago,Occidente
Renca,2023-03-23,662,Población General,13128,Renca,Santiago,Occidente
Renca,2023-03-24,642,Población General,13128,Renca,Santiago,Occidente
Renca,2023-03-25,19,Población General,13128,Renca,Santiago,Occidente
San Bernardo,2023-03-15,518,Población General,13401,San Bernardo,Maipo,Sur
San Bernardo,2023-03-16,671,Población General,13401,San Bernardo,Maipo,Sur
San Bernardo,2023-03-17,1041,Población General,13401,San Bernardo,Maipo,Sur
San Bernardo,2023-03-18,48,Población General,13401,San Bernardo,Maipo,Sur
San Bernardo,2023-03-20,1074,Población General,13401,San Bernardo,Maipo,Sur
San Bernardo,2023-03-21,1288,Población General,13401,San Bernardo,Maipo,Sur
San Bernardo,2023-03-22,1492,Población General,13401,San Bernardo,Maipo,Sur
San Bernardo,2023-03-23,1954,Población General,13401,San Bernardo,Maipo,Sur
San Bernardo,2023-03-24,1462,Población General,13401,San Bernardo,Maipo,Sur
San Bernardo,2023-03-25,106,Población General,13401,San Bernardo,Maipo,Sur
San Joaquín,2023-03-15,378,Población General,13129,San Joaquín,Santiago,Sur
San Joaquín,2023-03-16,525,Población General,13129,San Joaquín,Santiago,Sur
San Joaquín,2023-03-17,694,Población General,13129,San Joaquín,Santiago,Sur
San Joaquín,2023-03-18,161,Población General,13129,San Joaquín,Santiago,Sur
San Joaquín,2023-03-20,898,Población General,13129,San Joaquín,Santiago,Sur
San Joaquín,2023-03-21,1082,Población General,13129,San Joaquín,Santiago,Sur
San Joaquín,2023-03-22,901,Población General,13129,San Joaquín,Santiago,Sur
San Joaquín,2023-03-23,809,Población General,13129,San Joaquín,Santiago,Sur
San Joaquín,2023-03-24,829,Población General,13129,San Joaquín,Santiago,Sur
San Joaquín,2023-03-25,323,Población General,13129,San Joaquín,Santiago,Sur
San José de Maipo,2023-03-15,58,Población General,13203,San José de Maipo,Cordillera,Suroriente
San José de Maipo,2023-03-16,61,Población General,13203,San José de Maipo,Cordillera,Suroriente
San José de Maipo,2023-03-17,147,Población General,13203,San José de Maipo,Cordillera,Suroriente
San José de Maipo,2023-03-18,2,Población General,13203,San José de Maipo,Cordillera,Suroriente
San José de Maipo,2023-03-20,138,Población General,13203,San José de Maipo,Cordillera,Suroriente
San José de Maipo,2023-03-21,134,Población General,13203,San José de Maipo,Cordillera,Suroriente
San José de Maipo,2023-03-22,142,Población General,13203,San José de Maipo,Cordillera,Suroriente
San José de Maipo,2023-03-23,146,Población General,13203,San José de Maipo,Cordillera,Suroriente
San José de Maipo,2023-03-24,166,Población General,13203,San José de Maipo,Cordillera,Suroriente
San Miguel,2023-03-15,514,Población General,13130,San Miguel,Santiago,Sur
San Miguel,2023-03-16,527,Población General,13130,San Miguel,Santiago,Sur
San Miguel,2023-03-17,744,Población General,13130,San Miguel,Santiago,Sur
San Miguel,2023-03-18,17,Población General,13130,San Miguel,Santiago,Sur
San Miguel,2023-03-20,903,Población General,13130,San Miguel,Santiago,Sur
San Miguel,2023-03-21,1021,Población General,13130,San Miguel,Santiago,Sur
San Miguel,2023-03-22,867,Población General,13130,San Miguel,Santiago,Sur
San Miguel,2023-03-23,915,Población General,13130,San Miguel,Santiago,Sur
San Miguel,2023-03-24,877,Población General,13130,San Miguel,Santiago,Sur
San Miguel,2023-03-25,271,Población General,13130,San Miguel,Santiago,Sur
San Miguel,2023-03-26,84,Población General,13130,San Miguel,Santiago,Sur
San Pedro,2023-03-15,18,Población General,13505,San Pedro,Melipilla,Occidente
San Pedro,2023-03-16,57,Población General,13505,San Pedro,Melipilla,Occidente
San Pedro,2023-03-17,54,Población General,13505,San Pedro,Melipilla,Occidente
San Pedro,2023-03-20,72,Población General,13505,San Pedro,Melipilla,Occidente
San Pedro,2023-03-21,115,Población General,13505,San Pedro,Melipilla,Occidente
San Pedro,2023-03-22,73,Población General,13505,San Pedro,Melipilla,Occidente
San Pedro,2023-03-23,81,Población General,13505,San Pedro,Melipilla,Occidente
San Pedro,2023-03-24,40,Población General,13505,San Pedro,Melipilla,Occidente
San Pedro,2023-03-25,26,Población General,13505,San Pedro,Melipilla,Occidente
San Ramón,2023-03-15,87,Población General,13131,San Ramón,Santiago,Suroriente
San Ramón,2023-03-16,86,Población General,13131,San Ramón,Santiago,Suroriente
San Ramón,2023-03-17,343,Población General,13131,San Ramón,Santiago,Suroriente
San Ramón,2023-03-18,3,Población General,13131,San Ramón,Santiago,Suroriente
San Ramón,2023-03-20,683,Población General,13131,San Ramón,Santiago,Suroriente
San Ramón,2023-03-21,616,Población General,13131,San Ramón,Santiago,Suroriente
San Ramón,2023-03-22,665,Población General,13131,San Ramón,Santiago,Suroriente
San Ramón,2023-03-23,552,Población General,13131,San Ramón,Santiago,Suroriente
San Ramón,2023-03-24,530,Población General,13131,San Ramón,Santiago,Suroriente
San Ramón,2023-03-25,4,Población General,13131,San Ramón,Santiago,Suroriente
Santiago,2023-03-15,1296,Población General,13101,Santiago,Santiago,Central
Santiago,2023-03-16,1222,Población General,13101,Santiago,Santiago,Central
Santiago,2023-03-17,1576,Población General,13101,Santiago,Santiago,Central
Santiago,2023-03-18,313,Población General,13101,Santiago,Santiago,Central
Santiago,2023-03-19,76,Población General,13101,Santiago,Santiago,Central
Santiago,2023-03-20,1980,Población General,13101,Santiago,Santiago,Central
Santiago,2023-03-21,1783,Población General,13101,Santiago,Santiago,Central
Santiago,2023-03-22,1940,Población General,13101,Santiago,Santiago,Central
Santiago,2023-03-23,1973,Población General,13101,Santiago,Santiago,Central
Santiago,2023-03-24,1627,Población General,13101,Santiago,Santiago,Central
Santiago,2023-03-25,318,Población General,13101,Santiago,Santiago,Central
Santiago,2023-03-26,45,Población General,13101,Santiago,Santiago,Central
Talagante,2023-03-15,256,Población General,13601,Talagante,Talagante,Occidente
Talagante,2023-03-16,137,Población General,13601,Talagante,Talagante,Occidente
Talagante,2023-03-17,301,Población General,13601,Talagante,Talagante,Occidente
Talagante,2023-03-18,46,Población General,13601,Talagante,Talagante,Occidente
Talagante,2023-03-20,509,Población General,13601,Talagante,Talagante,Occidente
Talagante,2023-03-21,449,Población General,13601,Talagante,Talagante,Occidente
Talagante,2023-03-22,433,Población General,13601,Talagante,Talagante,Occidente
Talagante,2023-03-23,414,Población General,13601,Talagante,Talagante,Occidente
Talagante,2023-03-24,435,Población General,13601,Talagante,Talagante,Occidente
Talagante,2023-03-25,74,Población General,13601,Talagante,Talagante,Occidente
Tiltil,2023-03-15,116,Población General,13303,Tiltil,Chacabuco,Norte
Tiltil,2023-03-16,143,Población General,13303,Tiltil,Chacabuco,Norte
Tiltil,2023-03-17,249,Población General,13303,Tiltil,Chacabuco,Norte
Tiltil,2023-03-20,134,Población General,13303,Tiltil,Chacabuco,Norte
Tiltil,2023-03-21,140,Población General,13303,Tiltil,Chacabuco,Norte
Tiltil,2023-03-22,206,Población General,13303,Tiltil,Chacabuco,Norte
Tiltil,2023-03-23,326,Población General,13303,Tiltil,Chacabuco,Norte
Tiltil,2023-03-24,264,Población General,13303,Tiltil,Chacabuco,Norte
Vitacura,2023-03-15,373,Población General,13132,Vitacura,Santiago,Oriente
Vitacura,2023-03-16,701,Población General,13132,Vitacura,Santiago,Oriente
Vitacura,2023-03-17,451,Población General,13132,Vitacura,Santiago,Oriente
Vitacura,2023-03-18,93,Población General,13132,Vitacura,Santiago,Oriente
Vitacura,2023-03-20,701,Población General,13132,Vitacura,Santiago,Oriente
Vitacura,2023-03-21,591,Población General,13132,Vitacura,Santiago,Oriente
Vitacura,2023-03-22,751,Población General,13132,Vitacura,Santiago,Oriente
Vitacura,2023-03-23,734,Población General,13132,Vitacura,Santiago,Oriente
Vitacura,2023-03-24,492,Población General,13132,Vitacura,Santiago,Oriente
Vitacura,2023-03-25,140,Población General,13132,Vitacura,Santiago,Oriente
Ñuñoa,2023-03-15,924,Población General,13120,Ñuñoa,Santiago,Oriente
Ñuñoa,2023-03-16,1044,Población General,13120,Ñuñoa,Santiago,Oriente
Ñuñoa,2023-03-17,1053,Población General,13120,Ñuñoa,Santiago,Oriente
Ñuñoa,2023-03-18,71,Población General,13120,Ñuñoa,Santiago,Oriente
Ñuñoa,2023-03-20,1286,Población General,13120,Ñuñoa,Santiago,Oriente
Ñuñoa,2023-03-21,1247,Población General,13120,Ñuñoa,Santiago,Oriente
Ñuñoa,2023-03-22,1354,Población General,13120,Ñuñoa,Santiago,Oriente
Ñuñoa,2023-03-23,1261,Población General,13120,Ñuñoa,Santiago,Oriente
Ñuñoa,2023-03-24,1111,Población General,13120,Ñuñoa,Santiago,Oriente
Ñuñoa,2023-03-25,91,Población General,13120,Ñuñoa,Santiago,Oriente
Alhué,2023-03-15,9,Adultos 65 o más años,13502,Alhué,Melipilla,Occidente
Alhué,2023-03-16,15,Adultos 65 o más años,13502,Alhué,Melipilla,Occidente
Alhué,2023-03-17,30,Adultos 65 o más años,13502,Alhué,Melipilla,Occidente
Alhué,2023-03-18,4,Adultos 65 o más años,13502,Alhué,Melipilla,Occidente
Alhué,2023-03-20,25,Adultos 65 o más años,13502,Alhué,Melipilla,Occidente
Alhué,2023-03-21,45,Adultos 65 o más años,13502,Alhué,Melipilla,Occidente
Alhué,2023-03-22,21,Adultos 65 o más años,13502,Alhué,Melipilla,Occidente
Alhué,2023-03-23,29,Adultos 65 o más años,13502,Alhué,Melipilla,Occidente
Alhué,2023-03-24,28,Adultos 65 o más años,13502,Alhué,Melipilla,Occidente
Alhué,2023-03-25,7,Adultos 65 o más años,13502,Alhué,Melipilla,Occidente
Buin,2023-03-15,63,Adultos 65 o más años,13402,Buin,Maipo,Sur
Buin,2023-03-16,131,Adultos 65 o más años,13402,Buin,Maipo,Sur
Buin,2023-03-17,146,Adultos 65 o más años,13402,Buin,Maipo,Sur
Buin,2023-03-18,1,Adultos 65 o más años,13402,Buin,Maipo,Sur
Buin,2023-03-20,348,Adultos 65 o más años,13402,Buin,Maipo,Sur
Buin,2023-03-21,328,Adultos 65 o más años,13402,Buin,Maipo,Sur
Buin,2023-03-22,308,Adultos 65 o más años,13402,Buin,Maipo,Sur
Buin,2023-03-23,316,Adultos 65 o más años,13402,Buin,Maipo,Sur
Buin,2023-03-24,144,Adultos 65 o más años,13402,Buin,Maipo,Sur
Buin,2023-03-25,21,Adultos 65 o más años,13402,Buin,Maipo,Sur
Calera de Tango,2023-03-15,1,Adultos 65 o más años,13403,Calera de Tango,Maipo,Sur
Calera de Tango,2023-03-16,1,Adultos 65 o más años,13403,Calera de Tango,Maipo,Sur
Calera de Tango,2023-03-17,5,Adultos 65 o más años,13403,Calera de Tango,Maipo,Sur
Calera de Tango,2023-03-20,78,Adultos 65 o más años,13403,Calera de Tango,Maipo,Sur
Calera de Tango,2023-03-21,89,Adultos 65 o más años,13403,Calera de Tango,Maipo,Sur
Calera de Tango,2023-03-22,75,Adultos 65 o más años,13403,Calera de Tango,Maipo,Sur
Calera de Tango,2023-03-23,94,Adultos 65 o más años,13403,Calera de Tango,Maipo,Sur
Calera de Tango,2023-03-24,49,Adultos 65 o más años,13403,Calera de Tango,Maipo,Sur
Calera de Tango,2023-03-25,14,Adultos 65 o más años,13403,Calera de Tango,Maipo,Sur
Cerrillos,2023-03-15,167,Adultos 65 o más años,13102,Cerrillos,Santiago,Central
Cerrillos,2023-03-16,209,Adultos 65 o más años,13102,Cerrillos,Santiago,Central
Cerrillos,2023-03-17,190,Adultos 65 o más años,13102,Cerrillos,Santiago,Central
Cerrillos,2023-03-18,18,Adultos 65 o más años,13102,Cerrillos,Santiago,Central
Cerrillos,2023-03-20,241,Adultos 65 o más años,13102,Cerrillos,Santiago,Central
Cerrillos,2023-03-21,280,Adultos 65 o más años,13102,Cerrillos,Santiago,Central
Cerrillos,2023-03-22,254,Adultos 65 o más años,13102,Cerrillos,Santiago,Central
Cerrillos,2023-03-23,177,Adultos 65 o más años,13102,Cerrillos,Santiago,Central
Cerrillos,2023-03-24,134,Adultos 65 o más años,13102,Cerrillos,Santiago,Central
Cerrillos,2023-03-25,48,Adultos 65 o más años,13102,Cerrillos,Santiago,Central
Cerrillos,2023-03-26,1,Adultos 65 o más años,13102,Cerrillos,Santiago,Central
Cerro Navia,2023-03-15,93,Adultos 65 o más años,13103,Cerro Navia,Santiago,Occidente
Cerro Navia,2023-03-16,65,Adultos 65 o más años,13103,Cerro Navia,Santiago,Occidente
Cerro Navia,2023-03-17,182,Adultos 65 o más años,13103,Cerro Navia,Santiago,Occidente
Cerro Navia,2023-03-18,2,Adultos 65 o más años,13103,Cerro Navia,Santiago,Occidente
Cerro Navia,2023-03-20,390,Adultos 65 o más años,13103,Cerro Navia,Santiago,Occidente
Cerro Navia,2023-03-21,304,Adultos 65 o más años,13103,Cerro Navia,Santiago,Occidente
Cerro Navia,2023-03-22,342,Adultos 65 o más años,13103,Cerro Navia,Santiago,Occidente
Cerro Navia,2023-03-23,331,Adultos 65 o más años,13103,Cerro Navia,Santiago,Occidente
Cerro Navia,2023-03-24,308,Adultos 65 o más años,13103,Cerro Navia,Santiago,Occidente
Cerro Navia,2023-03-25,57,Adultos 65 o más años,13103,Cerro Navia,Santiago,Occidente
Colina,2023-03-15,214,Adultos 65 o más años,13301,Colina,Chacabuco,Norte
Colina,2023-03-16,271,Adultos 65 o más años,13301,Colina,Chacabuco,Norte
Colina,2023-03-17,221,Adultos 65 o más años,13301,Colina,Chacabuco,Norte
Colina,2023-03-18,11,Adultos 65 o más años,13301,Colina,Chacabuco,Norte
Colina,2023-03-20,315,Adultos 65 o más años,13301,Colina,Chacabuco,Norte
Colina,2023-03-21,362,Adultos 65 o más años,13301,Colina,Chacabuco,Norte
Colina,2023-03-22,222,Adultos 65 o más años,13301,Colina,Chacabuco,Norte
Colina,2023-03-23,237,Adultos 65 o más años,13301,Colina,Chacabuco,Norte
Colina,2023-03-24,202,Adultos 65 o más años,13301,Colina,Chacabuco,Norte
Colina,2023-03-25,17,Adultos 65 o más años,13301,Colina,Chacabuco,Norte
Conchalí,2023-03-15,218,Adultos 65 o más años,13104,Conchalí,Santiago,Norte
Conchalí,2023-03-16,161,Adultos 65 o más años,13104,Conchalí,Santiago,Norte
Conchalí,2023-03-17,345,Adultos 65 o más años,13104,Conchalí,Santiago,Norte
Conchalí,2023-03-18,42,Adultos 65 o más años,13104,Conchalí,Santiago,Norte
Conchalí,2023-03-20,549,Adultos 65 o más años,13104,Conchalí,Santiago,Norte
Conchalí,2023-03-21,546,Adultos 65 o más años,13104,Conchalí,Santiago,Norte
Conchalí,2023-03-22,483,Adultos 65 o más años,13104,Conchalí,Santiago,Norte
Conchalí,2023-03-23,418,Adultos 65 o más años,13104,Conchalí,Santiago,Norte
Conchalí,2023-03-24,372,Adultos 65 o más años,13104,Conchalí,Santiago,Norte
Conchalí,2023-03-25,37,Adultos 65 o más años,13104,Conchalí,Santiago,Norte
Curacaví,2023-03-15,57,Adultos 65 o más años,13503,Curacaví,Melipilla,Occidente
Curacaví,2023-03-16,48,Adultos 65 o más años,13503,Curacaví,Melipilla,Occidente
Curacaví,2023-03-17,100,Adultos 65 o más años,13503,Curacaví,Melipilla,Occidente
Curacaví,2023-03-18,1,Adultos 65 o más años,13503,Curacaví,Melipilla,Occidente
Curacaví,2023-03-20,112,Adultos 65 o más años,13503,Curacaví,Melipilla,Occidente
Curacaví,2023-03-21,94,Adultos 65 o más años,13503,Curacaví,Melipilla,Occidente
Curacaví,2023-03-22,91,Adultos 65 o más años,13503,Curacaví,Melipilla,Occidente
Curacaví,2023-03-23,82,Adultos 65 o más años,13503,Curacaví,Melipilla,Occidente
Curacaví,2023-03-24,59,Adultos 65 o más años,13503,Curacaví,Melipilla,Occidente
El Bosque,2023-03-15,144,Adultos 65 o más años,13105,El Bosque,Santiago,Sur
El Bosque,2023-03-16,128,Adultos 65 o más años,13105,El Bosque,Santiago,Sur
El Bosque,2023-03-17,797,Adultos 65 o más años,13105,El Bosque,Santiago,Sur
El Bosque,2023-03-18,117,Adultos 65 o más años,13105,El Bosque,Santiago,Sur
El Bosque,2023-03-20,872,Adultos 65 o más años,13105,El Bosque,Santiago,Sur
El Bosque,2023-03-21,820,Adultos 65 o más años,13105,El Bosque,Santiago,Sur
El Bosque,2023-03-22,675,Adultos 65 o más años,13105,El Bosque,Santiago,Sur
El Bosque,2023-03-23,661,Adultos 65 o más años,13105,El Bosque,Santiago,Sur
El Bosque,2023-03-24,419,Adultos 65 o más años,13105,El Bosque,Santiago,Sur
El Bosque,2023-03-25,200,Adultos 65 o más años,13105,El Bosque,Santiago,Sur
El Monte,2023-03-15,15,Adultos 65 o más años,13602,El Monte,Talagante,Occidente
El Monte,2023-03-16,18,Adultos 65 o más años,13602,El Monte,Talagante,Occidente
El Monte,2023-03-17,30,Adultos 65 o más años,13602,El Monte,Talagante,Occidente
El Monte,2023-03-18,9,Adultos 65 o más años,13602,El Monte,Talagante,Occidente
El Monte,2023-03-20,77,Adultos 65 o más años,13602,El Monte,Talagante,Occidente
El Monte,2023-03-21,69,Adultos 65 o más años,13602,El Monte,Talagante,Occidente
El Monte,2023-03-22,63,Adultos 65 o más años,13602,El Monte,Talagante,Occidente
El Monte,2023-03-23,63,Adultos 65 o más años,13602,El Monte,Talagante,Occidente
El Monte,2023-03-24,55,Adultos 65 o más años,13602,El Monte,Talagante,Occidente
El Monte,2023-03-25,10,Adultos 65 o más años,13602,El Monte,Talagante,Occidente
Estación Central,2023-03-15,181,Adultos 65 o más años,13106,Estación Central,Santiago,Central
Estación Central,2023-03-16,299,Adultos 65 o más años,13106,Estación Central,Santiago,Central
Estación Central,2023-03-17,238,Adultos 65 o más años,13106,Estación Central,Santiago,Central
Estación Central,2023-03-18,7,Adultos 65 o más años,13106,Estación Central,Santiago,Central
Estación Central,2023-03-20,330,Adultos 65 o más años,13106,Estación Central,Santiago,Central
Estación Central,2023-03-21,319,Adultos 65 o más años,13106,Estación Central,Santiago,Central
Estación Central,2023-03-22,419,Adultos 65 o más años,13106,Estación Central,Santiago,Central
Estación Central,2023-03-23,479,Adultos 65 o más años,13106,Estación Central,Santiago,Central
Estación Central,2023-03-24,366,Adultos 65 o más años,13106,Estación Central,Santiago,Central
Estación Central,2023-03-25,12,Adultos 65 o más años,13106,Estación Central,Santiago,Central
Huechuraba,2023-03-15,203,Adultos 65 o más años,13107,Huechuraba,Santiago,Norte
Huechuraba,2023-03-16,372,Adultos 65 o más años,13107,Huechuraba,Santiago,Norte
Huechuraba,2023-03-17,281,Adultos 65 o más años,13107,Huechuraba,Santiago,Norte
Huechuraba,2023-03-18,79,Adultos 65 o más años,13107,Huechuraba,Santiago,Norte
Huechuraba,2023-03-19,59,Adultos 65 o más años,13107,Huechuraba,Santiago,Norte
Huechuraba,2023-03-20,322,Adultos 65 o más años,13107,Huechuraba,Santiago,Norte
Huechuraba,2023-03-21,378,Adultos 65 o más años,13107,Huechuraba,Santiago,Norte
Huechuraba,2023-03-22,341,Adultos 65 o más años,13107,Huechuraba,Santiago,Norte
Huechuraba,2023-03-23,274,Adultos 65 o más años,13107,Huechuraba,Santiago,Norte
Huechuraba,2023-03-24,226,Adultos 65 o más años,13107,Huechuraba,Santiago,Norte
Huechuraba,2023-03-25,81,Adultos 65 o más años,13107,Huechuraba,Santiago,Norte
Independencia,2023-03-15,64,Adultos 65 o más años,13108,Independencia,Santiago,Norte
Independencia,2023-03-16,78,Adultos 65 o más años,13108,Independencia,Santiago,Norte
Independencia,2023-03-17,282,Adultos 65 o más años,13108,Independencia,Santiago,Norte
Independencia,2023-03-18,15,Adultos 65 o más años,13108,Independencia,Santiago,Norte
Independencia,2023-03-20,586,Adultos 65 o más años,13108,Independencia,Santiago,Norte
Independencia,2023-03-21,460,Adultos 65 o más años,13108,Independencia,Santiago,Norte
Independencia,2023-03-22,309,Adultos 65 o más años,13108,Independencia,Santiago,Norte
Independencia,2023-03-23,329,Adultos 65 o más años,13108,Independencia,Santiago,Norte
Independencia,2023-03-24,380,Adultos 65 o más años,13108,Independencia,Santiago,Norte
Independencia,2023-03-25,40,Adultos 65 o más años,13108,Independencia,Santiago,Norte
Independencia,2023-03-26,4,Adultos 65 o más años,13108,Independencia,Santiago,Norte
Isla de Maipo,2023-03-15,51,Adultos 65 o más años,13603,Isla de Maipo,Talagante,Occidente
Isla de Maipo,2023-03-16,72,Adultos 65 o más años,13603,Isla de Maipo,Talagante,Occidente
Isla de Maipo,2023-03-17,114,Adultos 65 o más años,13603,Isla de Maipo,Talagante,Occidente
Isla de Maipo,2023-03-20,186,Adultos 65 o más años,13603,Isla de Maipo,Talagante,Occidente
Isla de Maipo,2023-03-21,146,Adultos 65 o más años,13603,Isla de Maipo,Talagante,Occidente
Isla de Maipo,2023-03-22,181,Adultos 65 o más años,13603,Isla de Maipo,Talagante,Occidente
Isla de Maipo,2023-03-23,163,Adultos 65 o más años,13603,Isla de Maipo,Talagante,Occidente
Isla de Maipo,2023-03-24,92,Adultos 65 o más años,13603,Isla de Maipo,Talagante,Occidente
La Cisterna,2023-03-15,190,Adultos 65 o más años,13109,La Cisterna,Santiago,Sur
La Cisterna,2023-03-16,129,Adultos 65 o más años,13109,La Cisterna,Santiago,Sur
La Cisterna,2023-03-17,204,Adultos 65 o más años,13109,La Cisterna,Santiago,Sur
La Cisterna,2023-03-18,64,Adultos 65 o más años,13109,La Cisterna,Santiago,Sur
La Cisterna,2023-03-20,404,Adultos 65 o más años,13109,La Cisterna,Santiago,Sur
La Cisterna,2023-03-21,346,Adultos 65 o más años,13109,La Cisterna,Santiago,Sur
La Cisterna,2023-03-22,362,Adultos 65 o más años,13109,La Cisterna,Santiago,Sur
La Cisterna,2023-03-23,394,Adultos 65 o más años,13109,La Cisterna,Santiago,Sur
La Cisterna,2023-03-24,273,Adultos 65 o más años,13109,La Cisterna,Santiago,Sur
La Cisterna,2023-03-25,48,Adultos 65 o más años,13109,La Cisterna,Santiago,Sur
La Florida,2023-03-15,610,Adultos 65 o más años,13110,La Florida,Santiago,Suroriente
La Florida,2023-03-16,750,Adultos 65 o más años,13110,La Florida,Santiago,Suroriente
La Florida,2023-03-17,791,Adultos 65 o más años,13110,La Florida,Santiago,Suroriente
La Florida,2023-03-18,1,Adultos 65 o más años,13110,La Florida,Santiago,Suroriente
La Florida,2023-03-20,1503,Adultos 65 o más años,13110,La Florida,Santiago,Suroriente
La Florida,2023-03-21,1320,Adultos 65 o más años,13110,La Florida,Santiago,Suroriente
La Florida,2023-03-22,1164,Adultos 65 o más años,13110,La Florida,Santiago,Suroriente
La Florida,2023-03-23,1165,Adultos 65 o más años,13110,La Florida,Santiago,Suroriente
La Florida,2023-03-24,985,Adultos 65 o más años,13110,La Florida,Santiago,Suroriente
La Granja,2023-03-15,286,Adultos 65 o más años,13111,La Granja,Santiago,Suroriente
La Granja,2023-03-16,496,Adultos 65 o más años,13111,La Granja,Santiago,Suroriente
La Granja,2023-03-17,295,Adultos 65 o más años,13111,La Granja,Santiago,Suroriente
La Granja,2023-03-18,45,Adultos 65 o más años,13111,La Granja,Santiago,Suroriente
La Granja,2023-03-20,590,Adultos 65 o más años,13111,La Granja,Santiago,Suroriente
La Granja,2023-03-21,511,Adultos 65 o más años,13111,La Granja,Santiago,Suroriente
La Granja,2023-03-22,465,Adultos 65 o más años,13111,La Granja,Santiago,Suroriente
La Granja,2023-03-23,465,Adultos 65 o más años,13111,La Granja,Santiago,Suroriente
La Granja,2023-03-24,345,Adultos 65 o más años,13111,La Granja,Santiago,Suroriente
La Granja,2023-03-25,57,Adultos 65 o más años,13111,La Granja,Santiago,Suroriente
La Pintana,2023-03-15,111,Adultos 65 o más años,13112,La Pintana,Santiago,Suroriente
La Pintana,2023-03-16,155,Adultos 65 o más años,13112,La Pintana,Santiago,Suroriente
La Pintana,2023-03-17,253,Adultos 65 o más años,13112,La Pintana,Santiago,Suroriente
La Pintana,2023-03-18,13,Adultos 65 o más años,13112,La Pintana,Santiago,Suroriente
La Pintana,2023-03-20,383,Adultos 65 o más años,13112,La Pintana,Santiago,Suroriente
La Pintana,2023-03-21,407,Adultos 65 o más años,13112,La Pintana,Santiago,Suroriente
La Pintana,2023-03-22,409,Adultos 65 o más años,13112,La Pintana,Santiago,Suroriente
La Pintana,2023-03-23,342,Adultos 65 o más años,13112,La Pintana,Santiago,Suroriente
La Pintana,2023-03-24,248,Adultos 65 o más años,13112,La Pintana,Santiago,Suroriente
La Pintana,2023-03-25,29,Adultos 65 o más años,13112,La Pintana,Santiago,Suroriente
La Pintana,2023-03-26,1,Adultos 65 o más años,13112,La Pintana,Santiago,Suroriente
La Reina,2023-03-15,125,Adultos 65 o más años,13113,La Reina,Santiago,Oriente
La Reina,2023-03-16,125,Adultos 65 o más años,13113,La Reina,Santiago,Oriente
La Reina,2023-03-17,178,Adultos 65 o más años,13113,La Reina,Santiago,Oriente
La Reina,2023-03-18,58,Adultos 65 o más años,13113,La Reina,Santiago,Oriente
La Reina,2023-03-20,350,Adultos 65 o más años,13113,La Reina,Santiago,Oriente
La Reina,2023-03-21,406,Adultos 65 o más años,13113,La Reina,Santiago,Oriente
La Reina,2023-03-22,369,Adultos 65 o más años,13113,La Reina,Santiago,Oriente
La Reina,2023-03-23,336,Adultos 65 o más años,13113,La Reina,Santiago,Oriente
La Reina,2023-03-24,275,Adultos 65 o más años,13113,La Reina,Santiago,Oriente
La Reina,2023-03-25,8,Adultos 65 o más años,13113,La Reina,Santiago,Oriente
Lampa,2023-03-15,62,Adultos 65 o más años,13302,Lampa,Chacabuco,Norte
Lampa,2023-03-16,64,Adultos 65 o más años,13302,Lampa,Chacabuco,Norte
Lampa,2023-03-17,118,Adultos 65 o más años,13302,Lampa,Chacabuco,Norte
Lampa,2023-03-18,25,Adultos 65 o más años,13302,Lampa,Chacabuco,Norte
Lampa,2023-03-20,150,Adultos 65 o más años,13302,Lampa,Chacabuco,Norte
Lampa,2023-03-21,272,Adultos 65 o más años,13302,Lampa,Chacabuco,Norte
Lampa,2023-03-22,192,Adultos 65 o más años,13302,Lampa,Chacabuco,Norte
Lampa,2023-03-23,237,Adultos 65 o más años,13302,Lampa,Chacabuco,Norte
Lampa,2023-03-24,144,Adultos 65 o más años,13302,Lampa,Chacabuco,Norte
Lampa,2023-03-25,43,Adultos 65 o más años,13302,Lampa,Chacabuco,Norte
Las Condes,2023-03-15,549,Adultos 65 o más años,13114,Las Condes,Santiago,Oriente
Las Condes,2023-03-16,673,Adultos 65 o más años,13114,Las Condes,Santiago,Oriente
Las Condes,2023-03-17,688,Adultos 65 o más años,13114,Las Condes,Santiago,Oriente
Las Condes,2023-03-18,247,Adultos 65 o más años,13114,Las Condes,Santiago,Oriente
Las Condes,2023-03-20,1261,Adultos 65 o más años,13114,Las Condes,Santiago,Oriente
Las Condes,2023-03-21,1309,Adultos 65 o más años,13114,Las Condes,Santiago,Oriente
Las Condes,2023-03-22,1144,Adultos 65 o más años,13114,Las Condes,Santiago,Oriente
Las Condes,2023-03-23,1194,Adultos 65 o más años,13114,Las Condes,Santiago,Oriente
Las Condes,2023-03-24,913,Adultos 65 o más años,13114,Las Condes,Santiago,Oriente
Las Condes,2023-03-25,233,Adultos 65 o más años,13114,Las Condes,Santiago,Oriente
Lo Barnechea,2023-03-15,249,Adultos 65 o más años,13115,Lo Barnechea,Santiago,Oriente
Lo Barnechea,2023-03-16,179,Adultos 65 o más años,13115,Lo Barnechea,Santiago,Oriente
Lo Barnechea,2023-03-17,235,Adultos 65 o más años,13115,Lo Barnechea,Santiago,Oriente
Lo Barnechea,2023-03-18,8,Adultos 65 o más años,13115,Lo Barnechea,Santiago,Oriente
Lo Barnechea,2023-03-20,436,Adultos 65 o más años,13115,Lo Barnechea,Santiago,Oriente
Lo Barnechea,2023-03-21,244,Adultos 65 o más años,13115,Lo Barnechea,Santiago,Oriente
Lo Barnechea,2023-03-22,222,Adultos 65 o más años,13115,Lo Barnechea,Santiago,Oriente
Lo Barnechea,2023-03-23,206,Adultos 65 o más años,13115,Lo Barnechea,Santiago,Oriente
Lo Barnechea,2023-03-24,188,Adultos 65 o más años,13115,Lo Barnechea,Santiago,Oriente
Lo Barnechea,2023-03-25,10,Adultos 65 o más años,13115,Lo Barnechea,Santiago,Oriente
Lo Espejo,2023-03-15,59,Adultos 65 o más años,13116,Lo Espejo,Santiago,Sur
Lo Espejo,2023-03-16,70,Adultos 65 o más años,13116,Lo Espejo,Santiago,Sur
Lo Espejo,2023-03-17,165,Adultos 65 o más años,13116,Lo Espejo,Santiago,Sur
Lo Espejo,2023-03-18,20,Adultos 65 o más años,13116,Lo Espejo,Santiago,Sur
Lo Espejo,2023-03-20,390,Adultos 65 o más años,13116,Lo Espejo,Santiago,Sur
Lo Espejo,2023-03-21,310,Adultos 65 o más años,13116,Lo Espejo,Santiago,Sur
Lo Espejo,2023-03-22,257,Adultos 65 o más años,13116,Lo Espejo,Santiago,Sur
Lo Espejo,2023-03-23,211,Adultos 65 o más años,13116,Lo Espejo,Santiago,Sur
Lo Espejo,2023-03-24,143,Adultos 65 o más años,13116,Lo Espejo,Santiago,Sur
Lo Espejo,2023-03-25,37,Adultos 65 o más años,13116,Lo Espejo,Santiago,Sur
Lo Prado,2023-03-15,69,Adultos 65 o más años,13117,Lo Prado,Santiago,Occidente
Lo Prado,2023-03-16,72,Adultos 65 o más años,13117,Lo Prado,Santiago,Occidente
Lo Prado,2023-03-17,459,Adultos 65 o más años,13117,Lo Prado,Santiago,Occidente
Lo Prado,2023-03-18,183,Adultos 65 o más años,13117,Lo Prado,Santiago,Occidente
Lo Prado,2023-03-20,638,Adultos 65 o más años,13117,Lo Prado,Santiago,Occidente
Lo Prado,2023-03-21,530,Adultos 65 o más años,13117,Lo Prado,Santiago,Occidente
Lo Prado,2023-03-22,571,Adultos 65 o más años,13117,Lo Prado,Santiago,Occidente
Lo Prado,2023-03-23,573,Adultos 65 o más años,13117,Lo Prado,Santiago,Occidente
Lo Prado,2023-03-24,440,Adultos 65 o más años,13117,Lo Prado,Santiago,Occidente
Lo Prado,2023-03-25,104,Adultos 65 o más años,13117,Lo Prado,Santiago,Occidente
Macul,2023-03-15,152,Adultos 65 o más años,13118,Macul,Santiago,Oriente
Macul,2023-03-16,212,Adultos 65 o más años,13118,Macul,Santiago,Oriente
Macul,2023-03-17,281,Adultos 65 o más años,13118,Macul,Santiago,Oriente
Macul,2023-03-18,1,Adultos 65 o más años,13118,Macul,Santiago,Oriente
Macul,2023-03-20,450,Adultos 65 o más años,13118,Macul,Santiago,Oriente
Macul,2023-03-21,382,Adultos 65 o más años,13118,Macul,Santiago,Oriente
Macul,2023-03-22,423,Adultos 65 o más años,13118,Macul,Santiago,Oriente
Macul,2023-03-23,424,Adultos 65 o más años,13118,Macul,Santiago,Oriente
Macul,2023-03-24,346,Adultos 65 o más años,13118,Macul,Santiago,Oriente
Macul,2023-03-25,1,Adultos 65 o más años,13118,Macul,Santiago,Oriente
Maipú,2023-03-15,575,Adultos 65 o más años,13119,Maipú,Santiago,Central
Maipú,2023-03-16,725,Adultos 65 o más años,13119,Maipú,Santiago,Central
Maipú,2023-03-17,1007,Adultos 65 o más años,13119,Maipú,Santiago,Central
Maipú,2023-03-18,64,Adultos 65 o más años,13119,Maipú,Santiago,Central
Maipú,2023-03-19,3,Adultos 65 o más años,13119,Maipú,Santiago,Central
Maipú,2023-03-20,1532,Adultos 65 o más años,13119,Maipú,Santiago,Central
Maipú,2023-03-21,1808,Adultos 65 o más años,13119,Maipú,Santiago,Central
Maipú,2023-03-22,1697,Adultos 65 o más años,13119,Maipú,Santiago,Central
Maipú,2023-03-23,1811,Adultos 65 o más años,13119,Maipú,Santiago,Central
Maipú,2023-03-24,1249,Adultos 65 o más años,13119,Maipú,Santiago,Central
Maipú,2023-03-25,133,Adultos 65 o más años,13119,Maipú,Santiago,Central
Maipú,2023-03-26,1,Adultos 65 o más años,13119,Maipú,Santiago,Central
María Pinto,2023-03-15,26,Adultos 65 o más años,13504,María Pinto,Melipilla,Occidente
María Pinto,2023-03-16,32,Adultos 65 o más años,13504,María Pinto,Melipilla,Occidente
María Pinto,2023-03-17,28,Adultos 65 o más años,13504,María Pinto,Melipilla,Occidente
María Pinto,2023-03-19,22,Adultos 65 o más años,13504,María Pinto,Melipilla,Occidente
María Pinto,2023-03-20,57,Adultos 65 o más años,13504,María Pinto,Melipilla,Occidente
María Pinto,2023-03-21,51,Adultos 65 o más años,13504,María Pinto,Melipilla,Occidente
María Pinto,2023-03-22,48,Adultos 65 o más años,13504,María Pinto,Melipilla,Occidente
María Pinto,2023-03-23,50,Adultos 65 o más años,13504,María Pinto,Melipilla,Occidente
María Pinto,2023-03-24,34,Adultos 65 o más años,13504,María Pinto,Melipilla,Occidente
María Pinto,2023-03-25,23,Adultos 65 o más años,13504,María Pinto,Melipilla,Occidente
María Pinto,2023-03-26,14,Adultos 65 o más años,13504,María Pinto,Melipilla,Occidente
Melipilla,2023-03-15,291,Adultos 65 o más años,13501,Melipilla,Melipilla,Occidente
Melipilla,2023-03-16,310,Adultos 65 o más años,13501,Melipilla,Melipilla,Occidente
Melipilla,2023-03-17,311,Adultos 65 o más años,13501,Melipilla,Melipilla,Occidente
Melipilla,2023-03-20,552,Adultos 65 o más años,13501,Melipilla,Melipilla,Occidente
Melipilla,2023-03-21,529,Adultos 65 o más años,13501,Melipilla,Melipilla,Occidente
Melipilla,2023-03-22,538,Adultos 65 o más años,13501,Melipilla,Melipilla,Occidente
Melipilla,2023-03-23,631,Adultos 65 o más años,13501,Melipilla,Melipilla,Occidente
Melipilla,2023-03-24,356,Adultos 65 o más años,13501,Melipilla,Melipilla,Occidente
Padre Hurtado,2023-03-15,19,Adultos 65 o más años,13604,Padre Hurtado,Talagante,Occidente
Padre Hurtado,2023-03-16,35,Adultos 65 o más años,13604,Padre Hurtado,Talagante,Occidente
Padre Hurtado,2023-03-17,61,Adultos 65 o más años,13604,Padre Hurtado,Talagante,Occidente
Padre Hurtado,2023-03-18,1,Adultos 65 o más años,13604,Padre Hurtado,Talagante,Occidente
Padre Hurtado,2023-03-20,50,Adultos 65 o más años,13604,Padre Hurtado,Talagante,Occidente
Padre Hurtado,2023-03-21,140,Adultos 65 o más años,13604,Padre Hurtado,Talagante,Occidente
Padre Hurtado,2023-03-22,115,Adultos 65 o más años,13604,Padre Hurtado,Talagante,Occidente
Padre Hurtado,2023-03-23,121,Adultos 65 o más años,13604,Padre Hurtado,Talagante,Occidente
Padre Hurtado,2023-03-24,100,Adultos 65 o más años,13604,Padre Hurtado,Talagante,Occidente
Padre Hurtado,2023-03-25,35,Adultos 65 o más años,13604,Padre Hurtado,Talagante,Occidente
Paine,2023-03-15,117,Adultos 65 o más años,13404,Paine,Maipo,Sur
Paine,2023-03-16,142,Adultos 65 o más años,13404,Paine,Maipo,Sur
Paine,2023-03-17,131,Adultos 65 o más años,13404,Paine,Maipo,Sur
Paine,2023-03-18,3,Adultos 65 o más años,13404,Paine,Maipo,Sur
Paine,2023-03-20,270,Adultos 65 o más años,13404,Paine,Maipo,Sur
Paine,2023-03-21,203,Adultos 65 o más años,13404,Paine,Maipo,Sur
Paine,2023-03-22,194,Adultos 65 o más años,13404,Paine,Maipo,Sur
Paine,2023-03-23,176,Adultos 65 o más años,13404,Paine,Maipo,Sur
Paine,2023-03-24,138,Adultos 65 o más años,13404,Paine,Maipo,Sur
Paine,2023-03-25,60,Adultos 65 o más años,13404,Paine,Maipo,Sur
Pedro Aguirre Cerda,2023-03-15,231,Adultos 65 o más años,13121,Pedro Aguirre Cerda,Santiago,Sur
Pedro Aguirre Cerda,2023-03-16,359,Adultos 65 o más años,13121,Pedro Aguirre Cerda,Santiago,Sur
Pedro Aguirre Cerda,2023-03-17,296,Adultos 65 o más años,13121,Pedro Aguirre Cerda,Santiago,Sur
Pedro Aguirre Cerda,2023-03-18,41,Adultos 65 o más años,13121,Pedro Aguirre Cerda,Santiago,Sur
Pedro Aguirre Cerda,2023-03-20,548,Adultos 65 o más años,13121,Pedro Aguirre Cerda,Santiago,Sur
Pedro Aguirre Cerda,2023-03-21,406,Adultos 65 o más años,13121,Pedro Aguirre Cerda,Santiago,Sur
Pedro Aguirre Cerda,2023-03-22,412,Adultos 65 o más años,13121,Pedro Aguirre Cerda,Santiago,Sur
Pedro Aguirre Cerda,2023-03-23,396,Adultos 65 o más años,13121,Pedro Aguirre Cerda,Santiago,Sur
Pedro Aguirre Cerda,2023-03-24,289,Adultos 65 o más años,13121,Pedro Aguirre Cerda,Santiago,Sur
Pedro Aguirre Cerda,2023-03-25,48,Adultos 65 o más años,13121,Pedro Aguirre Cerda,Santiago,Sur
Peñaflor,2023-03-15,51,Adultos 65 o más años,13605,Peñaflor,Talagante,Occidente
Peñaflor,2023-03-16,96,Adultos 65 o más años,13605,Peñaflor,Talagante,Occidente
Peñaflor,2023-03-17,122,Adultos 65 o más años,13605,Peñaflor,Talagante,Occidente
Peñaflor,2023-03-20,424,Adultos 65 o más años,13605,Peñaflor,Talagante,Occidente
Peñaflor,2023-03-21,333,Adultos 65 o más años,13605,Peñaflor,Talagante,Occidente
Peñaflor,2023-03-22,352,Adultos 65 o más años,13605,Peñaflor,Talagante,Occidente
Peñaflor,2023-03-23,281,Adultos 65 o más años,13605,Peñaflor,Talagante,Occidente
Peñaflor,2023-03-24,213,Adultos 65 o más años,13605,Peñaflor,Talagante,Occidente
Peñaflor,2023-03-25,100,Adultos 65 o más años,13605,Peñaflor,Talagante,Occidente
Peñalolén,2023-03-15,142,Adultos 65 o más años,13122,Peñalolén,Santiago,Oriente
Peñalolén,2023-03-16,222,Adultos 65 o más años,13122,Peñalolén,Santiago,Oriente
Peñalolén,2023-03-17,337,Adultos 65 o más años,13122,Peñalolén,Santiago,Oriente
Peñalolén,2023-03-18,22,Adultos 65 o más años,13122,Peñalolén,Santiago,Oriente
Peñalolén,2023-03-20,799,Adultos 65 o más años,13122,Peñalolén,Santiago,Oriente
Peñalolén,2023-03-21,746,Adultos 65 o más años,13122,Peñalolén,Santiago,Oriente
Peñalolén,2023-03-22,710,Adultos 65 o más años,13122,Peñalolén,Santiago,Oriente
Peñalolén,2023-03-23,708,Adultos 65 o más años,13122,Peñalolén,Santiago,Oriente
Peñalolén,2023-03-24,593,Adultos 65 o más años,13122,Peñalolén,Santiago,Oriente
Peñalolén,2023-03-25,31,Adultos 65 o más años,13122,Peñalolén,Santiago,Oriente
Pirque,2023-03-15,24,Adultos 65 o más años,13202,Pirque,Cordillera,Suroriente
Pirque,2023-03-16,55,Adultos 65 o más años,13202,Pirque,Cordillera,Suroriente
Pirque,2023-03-17,48,Adultos 65 o más años,13202,Pirque,Cordillera,Suroriente
Pirque,2023-03-18,22,Adultos 65 o más años,13202,Pirque,Cordillera,Suroriente
Pirque,2023-03-20,95,Adultos 65 o más años,13202,Pirque,Cordillera,Suroriente
Pirque,2023-03-21,85,Adultos 65 o más años,13202,Pirque,Cordillera,Suroriente
Pirque,2023-03-22,85,Adultos 65 o más años,13202,Pirque,Cordillera,Suroriente
Pirque,2023-03-23,101,Adultos 65 o más años,13202,Pirque,Cordillera,Suroriente
Pirque,2023-03-24,59,Adultos 65 o más años,13202,Pirque,Cordillera,Suroriente
Pirque,2023-03-25,33,Adultos 65 o más años,13202,Pirque,Cordillera,Suroriente
Providencia,2023-03-15,177,Adultos 65 o más años,13123,Providencia,Santiago,Oriente
Providencia,2023-03-16,228,Adultos 65 o más años,13123,Providencia,Santiago,Oriente
Providencia,2023-03-17,324,Adultos 65 o más años,13123,Providencia,Santiago,Oriente
Providencia,2023-03-18,8,Adultos 65 o más años,13123,Providencia,Santiago,Oriente
Providencia,2023-03-20,615,Adultos 65 o más años,13123,Providencia,Santiago,Oriente
Providencia,2023-03-21,595,Adultos 65 o más años,13123,Providencia,Santiago,Oriente
Providencia,2023-03-22,484,Adultos 65 o más años,13123,Providencia,Santiago,Oriente
Providencia,2023-03-23,476,Adultos 65 o más años,13123,Providencia,Santiago,Oriente
Providencia,2023-03-24,472,Adultos 65 o más años,13123,Providencia,Santiago,Oriente
Providencia,2023-03-25,17,Adultos 65 o más años,13123,Providencia,Santiago,Oriente
Pudahuel,2023-03-15,264,Adultos 65 o más años,13124,Pudahuel,Santiago,Occidente
Pudahuel,2023-03-16,265,Adultos 65 o más años,13124,Pudahuel,Santiago,Occidente
Pudahuel,2023-03-17,530,Adultos 65 o más años,13124,Pudahuel,Santiago,Occidente
Pudahuel,2023-03-20,925,Adultos 65 o más años,13124,Pudahuel,Santiago,Occidente
Pudahuel,2023-03-21,707,Adultos 65 o más años,13124,Pudahuel,Santiago,Occidente
Pudahuel,2023-03-22,778,Adultos 65 o más años,13124,Pudahuel,Santiago,Occidente
Pudahuel,2023-03-23,760,Adultos 65 o más años,13124,Pudahuel,Santiago,Occidente
Pudahuel,2023-03-24,560,Adultos 65 o más años,13124,Pudahuel,Santiago,Occidente
Puente Alto,2023-03-15,260,Adultos 65 o más años,13201,Puente Alto,Cordillera,Suroriente
Puente Alto,2023-03-16,316,Adultos 65 o más años,13201,Puente Alto,Cordillera,Suroriente
Puente Alto,2023-03-17,317,Adultos 65 o más años,13201,Puente Alto,Cordillera,Suroriente
Puente Alto,2023-03-18,43,Adultos 65 o más años,13201,Puente Alto,Cordillera,Suroriente
Puente Alto,2023-03-19,24,Adultos 65 o más años,13201,Puente Alto,Cordillera,Suroriente
Puente Alto,2023-03-20,1489,Adultos 65 o más años,13201,Puente Alto,Cordillera,Suroriente
Puente Alto,2023-03-21,1422,Adultos 65 o más años,13201,Puente Alto,Cordillera,Suroriente
Puente Alto,2023-03-22,1277,Adultos 65 o más años,13201,Puente Alto,Cordillera,Suroriente
Puente Alto,2023-03-23,1354,Adultos 65 o más años,13201,Puente Alto,Cordillera,Suroriente
Puente Alto,2023-03-24,991,Adultos 65 o más años,13201,Puente Alto,Cordillera,Suroriente
Puente Alto,2023-03-25,59,Adultos 65 o más años,13201,Puente Alto,Cordillera,Suroriente
Puente Alto,2023-03-26,16,Adultos 65 o más años,13201,Puente Alto,Cordillera,Suroriente
Quilicura,2023-03-15,71,Adultos 65 o más años,13125,Quilicura,Santiago,Norte
Quilicura,2023-03-16,139,Adultos 65 o más años,13125,Quilicura,Santiago,Norte
Quilicura,2023-03-17,275,Adultos 65 o más años,13125,Quilicura,Santiago,Norte
Quilicura,2023-03-18,72,Adultos 65 o más años,13125,Quilicura,Santiago,Norte
Quilicura,2023-03-20,460,Adultos 65 o más años,13125,Quilicura,Santiago,Norte
Quilicura,2023-03-21,363,Adultos 65 o más años,13125,Quilicura,Santiago,Norte
Quilicura,2023-03-22,406,Adultos 65 o más años,13125,Quilicura,Santiago,Norte
Quilicura,2023-03-23,354,Adultos 65 o más años,13125,Quilicura,Santiago,Norte
Quilicura,2023-03-24,321,Adultos 65 o más años,13125,Quilicura,Santiago,Norte
Quilicura,2023-03-25,105,Adultos 65 o más años,13125,Quilicura,Santiago,Norte
Quinta Normal,2023-03-15,95,Adultos 65 o más años,13126,Quinta Normal,Santiago,Occidente
Quinta Normal,2023-03-16,165,Adultos 65 o más años,13126,Quinta Normal,Santiago,Occidente
Quinta Normal,2023-03-17,175,Adultos 65 o más años,13126,Quinta Normal,Santiago,Occidente
Quinta Normal,2023-03-18,15,Adultos 65 o más años,13126,Quinta Normal,Santiago,Occidente
Quinta Normal,2023-03-20,605,Adultos 65 o más años,13126,Quinta Normal,Santiago,Occidente
Quinta Normal,2023-03-21,417,Adultos 65 o más años,13126,Quinta Normal,Santiago,Occidente
Quinta Normal,2023-03-22,316,Adultos 65 o más años,13126,Quinta Normal,Santiago,Occidente
Quinta Normal,2023-03-23,313,Adultos 65 o más años,13126,Quinta Normal,Santiago,Occidente
Quinta Normal,2023-03-24,319,Adultos 65 o más años,13126,Quinta Normal,Santiago,Occidente
Quinta Normal,2023-03-25,25,Adultos 65 o más años,13126,Quinta Normal,Santiago,Occidente
Recoleta,2023-03-15,142,Adultos 65 o más años,13127,Recoleta,Santiago,Norte
Recoleta,2023-03-16,270,Adultos 65 o más años,13127,Recoleta,Santiago,Norte
Recoleta,2023-03-17,271,Adultos 65 o más años,13127,Recoleta,Santiago,Norte
Recoleta,2023-03-18,44,Adultos 65 o más años,13127,Recoleta,Santiago,Norte
Recoleta,2023-03-20,566,Adultos 65 o más años,13127,Recoleta,Santiago,Norte
Recoleta,2023-03-21,592,Adultos 65 o más años,13127,Recoleta,Santiago,Norte
Recoleta,2023-03-22,543,Adultos 65 o más años,13127,Recoleta,Santiago,Norte
Recoleta,2023-03-23,592,Adultos 65 o más años,13127,Recoleta,Santiago,Norte
Recoleta,2023-03-24,353,Adultos 65 o más años,13127,Recoleta,Santiago,Norte
Recoleta,2023-03-25,33,Adultos 65 o más años,13127,Recoleta,Santiago,Norte
Renca,2023-03-15,67,Adultos 65 o más años,13128,Renca,Santiago,Occidente
Renca,2023-03-16,75,Adultos 65 o más años,13128,Renca,Santiago,Occidente
Renca,2023-03-17,205,Adultos 65 o más años,13128,Renca,Santiago,Occidente
Renca,2023-03-18,2,Adultos 65 o más años,13128,Renca,Santiago,Occidente
Renca,2023-03-20,339,Adultos 65 o más años,13128,Renca,Santiago,Occidente
Renca,2023-03-21,347,Adultos 65 o más años,13128,Renca,Santiago,Occidente
Renca,2023-03-22,367,Adultos 65 o más años,13128,Renca,Santiago,Occidente
Renca,2023-03-23,329,Adultos 65 o más años,13128,Renca,Santiago,Occidente
Renca,2023-03-24,277,Adultos 65 o más años,13128,Renca,Santiago,Occidente
Renca,2023-03-25,9,Adultos 65 o más años,13128,Renca,Santiago,Occidente
San Bernardo,2023-03-15,177,Adultos 65 o más años,13401,San Bernardo,Maipo,Sur
San Bernardo,2023-03-16,227,Adultos 65 o más años,13401,San Bernardo,Maipo,Sur
San Bernardo,2023-03-17,251,Adultos 65 o más años,13401,San Bernardo,Maipo,Sur
San Bernardo,2023-03-18,20,Adultos 65 o más años,13401,San Bernardo,Maipo,Sur
San Bernardo,2023-03-20,294,Adultos 65 o más años,13401,San Bernardo,Maipo,Sur
San Bernardo,2023-03-21,462,Adultos 65 o más años,13401,San Bernardo,Maipo,Sur
San Bernardo,2023-03-22,509,Adultos 65 o más años,13401,San Bernardo,Maipo,Sur
San Bernardo,2023-03-23,582,Adultos 65 o más años,13401,San Bernardo,Maipo,Sur
San Bernardo,2023-03-24,500,Adultos 65 o más años,13401,San Bernardo,Maipo,Sur
San Bernardo,2023-03-25,41,Adultos 65 o más años,13401,San Bernardo,Maipo,Sur
San Joaquín,2023-03-15,176,Adultos 65 o más años,13129,San Joaquín,Santiago,Sur
San Joaquín,2023-03-16,213,Adultos 65 o más años,13129,San Joaquín,Santiago,Sur
San Joaquín,2023-03-17,175,Adultos 65 o más años,13129,San Joaquín,Santiago,Sur
San Joaquín,2023-03-18,64,Adultos 65 o más años,13129,San Joaquín,Santiago,Sur
San Joaquín,2023-03-20,455,Adultos 65 o más años,13129,San Joaquín,Santiago,Sur
San Joaquín,2023-03-21,468,Adultos 65 o más años,13129,San Joaquín,Santiago,Sur
San Joaquín,2023-03-22,408,Adultos 65 o más años,13129,San Joaquín,Santiago,Sur
San Joaquín,2023-03-23,332,Adultos 65 o más años,13129,San Joaquín,Santiago,Sur
San Joaquín,2023-03-24,267,Adultos 65 o más años,13129,San Joaquín,Santiago,Sur
San Joaquín,2023-03-25,52,Adultos 65 o más años,13129,San Joaquín,Santiago,Sur
San José de Maipo,2023-03-15,19,Adultos 65 o más años,13203,San José de Maipo,Cordillera,Suroriente
San José de Maipo,2023-03-16,25,Adultos 65 o más años,13203,San José de Maipo,Cordillera,Suroriente
San José de Maipo,2023-03-17,36,Adultos 65 o más años,13203,San José de Maipo,Cordillera,Suroriente
San José de Maipo,2023-03-20,68,Adultos 65 o más años,13203,San José de Maipo,Cordillera,Suroriente
San José de Maipo,2023-03-21,69,Adultos 65 o más años,13203,San José de Maipo,Cordillera,Suroriente
San José de Maipo,2023-03-22,65,Adultos 65 o más años,13203,San José de Maipo,Cordillera,Suroriente
San José de Maipo,2023-03-23,86,Adultos 65 o más años,13203,San José de Maipo,Cordillera,Suroriente
San José de Maipo,2023-03-24,38,Adultos 65 o más años,13203,San José de Maipo,Cordillera,Suroriente
San Miguel,2023-03-15,172,Adultos 65 o más años,13130,San Miguel,Santiago,Sur
San Miguel,2023-03-16,214,Adultos 65 o más años,13130,San Miguel,Santiago,Sur
San Miguel,2023-03-17,346,Adultos 65 o más años,13130,San Miguel,Santiago,Sur
San Miguel,2023-03-18,2,Adultos 65 o más años,13130,San Miguel,Santiago,Sur
San Miguel,2023-03-20,502,Adultos 65 o más años,13130,San Miguel,Santiago,Sur
San Miguel,2023-03-21,543,Adultos 65 o más años,13130,San Miguel,Santiago,Sur
San Miguel,2023-03-22,419,Adultos 65 o más años,13130,San Miguel,Santiago,Sur
San Miguel,2023-03-23,445,Adultos 65 o más años,13130,San Miguel,Santiago,Sur
San Miguel,2023-03-24,384,Adultos 65 o más años,13130,San Miguel,Santiago,Sur
San Miguel,2023-03-25,86,Adultos 65 o más años,13130,San Miguel,Santiago,Sur
San Miguel,2023-03-26,28,Adultos 65 o más años,13130,San Miguel,Santiago,Sur
San Pedro,2023-03-15,13,Adultos 65 o más años,13505,San Pedro,Melipilla,Occidente
San Pedro,2023-03-16,13,Adultos 65 o más años,13505,San Pedro,Melipilla,Occidente
San Pedro,2023-03-17,17,Adultos 65 o más años,13505,San Pedro,Melipilla,Occidente
San Pedro,2023-03-20,37,Adultos 65 o más años,13505,San Pedro,Melipilla,Occidente
San Pedro,2023-03-21,42,Adultos 65 o más años,13505,San Pedro,Melipilla,Occidente
San Pedro,2023-03-22,44,Adultos 65 o más años,13505,San Pedro,Melipilla,Occidente
San Pedro,2023-03-23,35,Adultos 65 o más años,13505,San Pedro,Melipilla,Occidente
San Pedro,2023-03-24,17,Adultos 65 o más años,13505,San Pedro,Melipilla,Occidente
San Pedro,2023-03-25,10,Adultos 65 o más años,13505,San Pedro,Melipilla,Occidente
San Ramón,2023-03-15,8,Adultos 65 o más años,13131,San Ramón,Santiago,Suroriente
San Ramón,2023-03-16,8,Adultos 65 o más años,13131,San Ramón,Santiago,Suroriente
San Ramón,2023-03-17,148,Adultos 65 o más años,13131,San Ramón,Santiago,Suroriente
San Ramón,2023-03-20,381,Adultos 65 o más años,13131,San Ramón,Santiago,Suroriente
San Ramón,2023-03-21,338,Adultos 65 o más años,13131,San Ramón,Santiago,Suroriente
San Ramón,2023-03-22,375,Adultos 65 o más años,13131,San Ramón,Santiago,Suroriente
San Ramón,2023-03-23,243,Adultos 65 o más años,13131,San Ramón,Santiago,Suroriente
San Ramón,2023-03-24,245,Adultos 65 o más años,13131,San Ramón,Santiago,Suroriente
Santiago,2023-03-15,403,Adultos 65 o más años,13101,Santiago,Santiago,Central
Santiago,2023-03-16,533,Adultos 65 o más años,13101,Santiago,Santiago,Central
Santiago,2023-03-17,532,Adultos 65 o más años,13101,Santiago,Santiago,Central
Santiago,2023-03-18,136,Adultos 65 o más años,13101,Santiago,Santiago,Central
Santiago,2023-03-19,30,Adultos 65 o más años,13101,Santiago,Santiago,Central
Santiago,2023-03-20,1000,Adultos 65 o más años,13101,Santiago,Santiago,Central
Santiago,2023-03-21,911,Adultos 65 o más años,13101,Santiago,Santiago,Central
Santiago,2023-03-22,934,Adultos 65 o más años,13101,Santiago,Santiago,Central
Santiago,2023-03-23,922,Adultos 65 o más años,13101,Santiago,Santiago,Central
Santiago,2023-03-24,666,Adultos 65 o más años,13101,Santiago,Santiago,Central
Santiago,2023-03-25,125,Adultos 65 o más años,13101,Santiago,Santiago,Central
Santiago,2023-03-26,15,Adultos 65 o más años,13101,Santiago,Santiago,Central
Talagante,2023-03-15,40,Adultos 65 o más años,13601,Talagante,Talagante,Occidente
Talagante,2023-03-16,52,Adultos 65 o más años,13601,Talagante,Talagante,Occidente
Talagante,2023-03-17,133,Adultos 65 o más años,13601,Talagante,Talagante,Occidente
Talagante,2023-03-18,16,Adultos 65 o más años,13601,Talagante,Talagante,Occidente
Talagante,2023-03-20,262,Adultos 65 o más años,13601,Talagante,Talagante,Occidente
Talagante,2023-03-21,246,Adultos 65 o más años,13601,Talagante,Talagante,Occidente
Talagante,2023-03-22,174,Adultos 65 o más años,13601,Talagante,Talagante,Occidente
Talagante,2023-03-23,200,Adultos 65 o más años,13601,Talagante,Talagante,Occidente
Talagante,2023-03-24,188,Adultos 65 o más años,13601,Talagante,Talagante,Occidente
Talagante,2023-03-25,26,Adultos 65 o más años,13601,Talagante,Talagante,Occidente
Tiltil,2023-03-15,44,Adultos 65 o más años,13303,Tiltil,Chacabuco,Norte
Tiltil,2023-03-16,51,Adultos 65 o más años,13303,Tiltil,Chacabuco,Norte
Tiltil,2023-03-17,89,Adultos 65 o más años,13303,Tiltil,Chacabuco,Norte
Tiltil,2023-03-20,79,Adultos 65 o más años,13303,Tiltil,Chacabuco,Norte
Tiltil,2023-03-21,59,Adultos 65 o más años,13303,Tiltil,Chacabuco,Norte
Tiltil,2023-03-22,149,Adultos 65 o más años,13303,Tiltil,Chacabuco,Norte
Tiltil,2023-03-23,69,Adultos 65 o más años,13303,Tiltil,Chacabuco,Norte
Tiltil,2023-03-24,46,Adultos 65 o más años,13303,Tiltil,Chacabuco,Norte
Vitacura,2023-03-15,209,Adultos 65 o más años,13132,Vitacura,Santiago,Oriente
Vitacura,2023-03-16,424,Adultos 65 o más años,13132,Vitacura,Santiago,Oriente
Vitacura,2023-03-17,254,Adultos 65 o más años,13132,Vitacura,Santiago,Oriente
Vitacura,2023-03-18,50,Adultos 65 o más años,13132,Vitacura,Santiago,Oriente
Vitacura,2023-03-20,493,Adultos 65 o más años,13132,Vitacura,Santiago,Oriente
Vitacura,2023-03-21,385,Adultos 65 o más años,13132,Vitacura,Santiago,Oriente
Vitacura,2023-03-22,287,Adultos 65 o más años,13132,Vitacura,Santiago,Oriente
Vitacura,2023-03-23,309,Adultos 65 o más años,13132,Vitacura,Santiago,Oriente
Vitacura,2023-03-24,254,Adultos 65 o más años,13132,Vitacura,Santiago,Oriente
Vitacura,2023-03-25,39,Adultos 65 o más años,13132,Vitacura,Santiago,Oriente
Ñuñoa,2023-03-15,292,Adultos 65 o más años,13120,Ñuñoa,Santiago,Oriente
Ñuñoa,2023-03-16,418,Adultos 65 o más años,13120,Ñuñoa,Santiago,Oriente
Ñuñoa,2023-03-17,369,Adultos 65 o más años,13120,Ñuñoa,Santiago,Oriente
Ñuñoa,2023-03-18,10,Adultos 65 o más años,13120,Ñuñoa,Santiago,Oriente
Ñuñoa,2023-03-20,717,Adultos 65 o más años,13120,Ñuñoa,Santiago,Oriente
Ñuñoa,2023-03-21,687,Adultos 65 o más años,13120,Ñuñoa,Santiago,Oriente
Ñuñoa,2023-03-22,671,Adultos 65 o más años,13120,Ñuñoa,Santiago,Oriente
Ñuñoa,2023-03-23,636,Adultos 65 o más años,13120,Ñuñoa,Santiago,Oriente
Ñuñoa,2023-03-24,471,Adultos 65 o más años,13120,Ñuñoa,Santiago,Oriente
Ñuñoa,2023-03-25,8,Adultos 65 o más años,13120,Ñuñoa,Santiago,Oriente
